韻母	聲母	聲調	字頭	異體	安澄饒揭潮	附加語音特徵
亞	null	1	亞			
			丫			
			椏			
			鴉			
			氬			
			錒			
			阿			
		2	掗			
		3	婭			
			亞			
			埡			
		4	鴨			
			押			
		6	嗄			
		7	阿			
	b	1	巴			
			叭			
			疤			
			扒			
			芭			
			葩			
			豝			
			鈀			
			粑			
			爸			
		2	把			
			靶			
			飽			
			欛			
		3	壩			
			灞			
			霸			
			豹			
			趵			
		6	罷			
		7	吧			
	p	1	脬			
			趴			
		4	啪			
			打			
			拍			
		6	泡			
	d	2	打			
			咑			
		4	搭			
			遢			
			褡			
			耷			
			䐛			
		5	禾			
		8	踏			
			遝			
			沓			
	t	1	他			
			它			
			她			
			鉈			
			怹			
		4	趿			
			塔			
		8	疊			
	l	1	剌			
			喇			
			啦			
			嘞			
			垃			
			拉			
			旯			
			鞡			
		4	瘌			
			擸			
			邋			
		5	朥			
		8	鬣			
			獵			
			蠟			
			躐			
			臘			
			辣			
			鑞			
	g	1	膠			
			虼			
		2	絞			
			鉸			
		3	教			
			校			
			窖			
			較			
			玍			
			尕			
		4	甲			
			岬			
			胛			
			鉀			
		6	咬			
		7	咬			
	k	1	腳			
		2	巧			
			豈			
			卡			
			咔			
			佧			
		3	扣	釦		
			叩			
	h	1	哈			
		3	孝			
		4	哈			
			餄			
			瓣			
		8	合			
			鉿			
	z	1	咱			
			咤	吒		
			嗟			
			喳			
			揸			
			槎	茬		
			查			
			楂			
			猹			
			侘			
			碴			
			渣			
			溠			
			瘥			
			皻	齇		
			餷			
			蹉			
			髽			
		2	蚤			
			早			
			昔			
			昨			
			痄			
		3	乍			
			咋			
			怍			
			怎			
			榨	搾		
			窄			
			炸			
			柞			
			蚱			
			砟			
			詐			
			鮓			
		4	𠷿			
		8	卡			
			柵			
			炸			
			閘			
	c	1	差			
			岔			
			嵯			
			搓			
			叉			
			衩			
			杈			
			䟕			
			汊			
		2	炒			
		3	詫			
			蹅			
			礤			
			姹	奼		
			仛			
		4	插			
			歃			
			臿			
			鍤			
		5	柴			
			垞			
	s	1	沙			
			筲			
			莎			
		3	撒			
		6	傻			
			啥			
窩	null	1	窩			
			噢			
			啊			
			婀			
			媧			
			渦			
			呵	訶		
			萵			
			屙			
			阿			
			倭			
		2	襖			
		3	澳		11110	
			澳		00001	鼻
			奧		11110	
			奧		00001	鼻
			懊		11110	
			懊		00001	鼻
			隩		11110	
			隩		00001	鼻
			嶴		11110	
			嶴		00001	鼻
			圫			
		4	呃			
		5	菏			
			蚝			
			荷		11110	
		6	臥		11110	
			臥		00001	鼻
			荷			
			嚄			
		7	哦			
			喔			
	b	1	波			
			嶓			
			坡			
			玻			
			啵			
			菠			
			陂			
		2	保			
			寶			
		3	報			
		4	舶			
			駁			
		5	婆			
		7	薄			
		8	泊			
			礴			
			薄			
			鉑			
			箔			
	p	2	叵			
			跛		11000	
			鉕			
			頗		11000	
			笸			
		4	粕			
		5	皤			
			婆			
		6	抱			
	m	1	芼			
			嘛			
			饃			
		2	孬			
		4	麽	麼		
		5	摩			
			蘑			
			摹			
			毛			
			嫫			
			蟆			
			謨			
			模			
			魔			
		6	募			
			墓			
			慕			
			幕			
			暮			
			莫			
		7	望			
			磨		01011	
		8	漠			
			瘼			
			膜			
	bh	2	姥			
			母			
			拇			
		5	无			
			毋			
			無			
			亡			
		7	帽			
			磨		10100	
	d	1	刀			
			敠	敪		
			多			
			哆			
		2	倒			
			嚲			
			短			
		3	戴			
			倒			
		4	卓			
			倬			
			桌			
			啄			
			踔			
			諑			
		5	剁			
			垛			
			朵			
			埵			
			跺			
			躲			
			逃			
		6	在			
			垛			
			朵			
		7	代			
			袋			
			埭			
		8	擇			
			奪			
	t	1	胎			
		2	妥			
			炧			
			唾			
			橢			
			討			
		3	退			
			蛻			
			褪			
		4	拓	搨		
			托			
			庹			
			託			
			蘀			
			籜			
		5	桃			
			柁			
			沱			
			跎			
			坨			
			酡			
			陀			
			馱			
			砣			
			駝			
			鮀			
			鴕			
			鼉			
			鼧			
			萄			
		8	駝			
	n	3	努			
			懦			
			耨			
			糯			
			砮			
			駑			
		5	娜			
			弩			
			帑			
			挪			
			榔			
			儺			
			孥			
		6	二			
			貳			
		7	怒			
	l	1	咯			
		2	裸			
			潦			
			蓏			
			佬			
			裹			
		5	囉			
			羅			
			蘿			
			籮			
			邏			
			鑼			
			欏			
			腡			
			騾			
			螺			
			瘰			
			蠃			
			覼			
			牢			
			漯			
		8	落			
			摞			
			犖			
			駱			
	g	1	歌			
			撾			
			哥			
			過			
			活			
			𠹭			
			竿			
			高			
			篙			
			糕	餻		
			羔			
			渦			
			膏			
		2	稿			
			藁			
			蜾			
		3	塊			
			划			
			告			
		4	閣			
		5	擱			
		6	個			
	k	1	戈			
			柯			
			珂			
			疴			
			窠			
			稞			
			舸			
			苛			
			軻			
			輠			
			牁			
		2	可			
			顆			
			哿			
			岢			
			坷			
			棵			
			涸			
			髁			
			騍			
		3	錁			
	ng	3	喁			
		5	喁			
			娥			
			哦			
			俄			
			峨			
			莪			
			硪			
			蛾			
			鋨			
			愚		11110	
			梧			
			嵎			
			虞			
			隅		11110	
			禺			
		6	寓			
			寤			
			悟			
			遇			
			晤			
	gh	5	鵝			
		7	餓			
	h	1	呵	訶		
		2	好			
		3	耗			
			囮			
			訛			
			荷			
		5	何			
			荷		00001	
			河			
			和			
		6	和	龢		
		7	號			
			賀			
		8	福			
			鶴			
	z	2	左			
			佐			
			俎			
			阻			
			棗			
		3	做			
		4	作			
			撧			
		5	槽			
		6	佐			
			助			
			坐			
		7	座			
		8	絕			
	c	1	初			
		2	草			
			楚			
			礎			
		3	錯			
			銼			
			糙			
		4	撮			
		5	鋤			
			磋			
			脞			
			莝			
			鹺			
			矬			
			剉			
			挫			
	s	1	唆			
			娑			
			搓			
			嗦			
			挲			
			桫			
			梭			
			疏			
			蔬			
			莎			
		2	嫂			
			所			
			嗩			
			瑣			
			鎖			
		3	疏			
		4	索			
			雪			
			鱈			
余	null	1	於		01001	
		2	與			
			予			
		3	淤			
			惡	噁		
			瞖			
			翳			
			噎			
			淤			
			飫			
		5	余			
			餘			
			予			
			妤	伃		
			旟			
			璵			
			畬	畲		
			舁			
			輿	轝		
		6	譽			
			預			
			蕷			
			澦			
			礜			
			與			
			豫			
		7	歟			
			與			
	d	1	豬			
		5	除			
		7	箸			
	l	2	你			
			女			
			汝			
			您			
			旅		01001	
			膂		01001	
		5	閭			
			櫚			
			驢			
		6	呂			
			侶			
			鋁			
			慮			
			濾			
	g	1	居			
			裾			
			琚			
			車			
		2	舉			
			柜			
			矩			
			秬			
			櫸			
			枸			
			蒟			
			踽			
		3	鋸			
		4	嗝			
		6	據			
			踞			
			遽			
			醵			
			巨			
			炬			
			倨			
			噱			
			据			
			拒			
			詎			
			距			
			苣			
			秬			
	k	3	去			
		5	渠			
			佢			
			蕖			
			瞿			
			衢			
			癯			
			氍			
			蘧			
			璩			
			磲			
	ng	5	漁		00001	
			愚		00001	
			隅		00001	
	gh	2	語			
		6	御			
			禦			
			馭			
		7	御			
	h	1	虛			
			噓			
			墟	圩		
			歔			
		2	許			
		5	魚			
			漁		11110	
	z	1	之			
			覷		00001	
			姿			
			賫	齎		
			咨			
			孖			
			孜			
			孳			
			嵫			
			書			
			氏			
			淄			
			滋			
			兹	茲		
			粢			
			耔			
			緇			
			芝			
			菑			
			諮			
			貲			
			資			
			趑			
			輜			
			錙			
			鷀	鶿		
			鼒			
			啙	呰		
			齜			
		2	子			
			籽			
			梓			
			耔			
			煮			
			仔			
		3	滋			
			恣			
			漬			
			胔	胾		
		5	薯			
		6	自			
		8	嗻			
	c	1	哧			
		2	此			
			呲			
			泚			
			鼠			
			跐			
		3	次			
			廁			
			茨			
		5	徐			
			慈			
			磁	瓷		
			兹	茲		
			疵			
			茨			
			雌			
			髭			
			眦	眥		
			訾			
			糍			
	s	1	思			
			斯			
			嘶			
			師			
			廝			
			撕			
			澌			
			私			
			緦			
			舒			
			虒			
			螄			
			颸			
			鍶			
		2	史			
		3	賜			
			思			
			儩			
			泗			
			笥			
			駟			
			肆			
		5	祠			
			嗣			
			詞			
			辭			
		6	士			
			什			
			仕			
			伺			
			似			
			俟			
			嗣			
			姒			
			峙			
			嶼			
			汜			
			涘			
			祀			
			事			
			耜			
			茌			
			食			
		7	事			
	r	2	爾			
			耳			
			鉺			
			汝			
			洱			
			璽			
			邇			
			婼			
		5	而			
		6	女			
			字			
			膩			
			貳			
		7	耳			
耶	null	1	耶			
			揶		11110	
			啞			
			誒			
		2	啞			
		4	隘			
			厄			
			扼			
			阨			
			軛			
			嗌			
		5	耶			
		6	吓			
			廈			
			下			
	b	2	把			
		4	伯			
			佰			
			掰			
			柏			
			百			
		5	扒			
			杷			
			爬			
			鈀			
			琶			
			筢			
			耙			
			䎱			
		6	父			
		8	白			
			帛			
	p	3	帕			
	bh	2	碼			
			馬			
		8	麥			
	d	5	茶			
	t	7	䖳			
		8	姹	奼		
			宅			
			仛			
	l	8	歷			
			曆			
			櫪			
			櫟			
			瀝			
			靂			
			嚦			
			癧			
			皪			
			礫			
			藶			
			鬲			
	g	1	家			
			鎵			
			傢			
			袈			
		2	假			
		3	嫁			
			稼			
			價			
			駕			
			架			
		4	格			
			鎘			
			膈			
			隔			
			骼			
			搿			
			挌			
		5	枷			
			耞			
		8	硌			
	k	4	客			
			喀			
			揢			
	gh	2	枒			
		5	牙			
			蚜			
			釾			
			衙			
			芽			
		7	砑			
	h	4	嚇			
			吓			
		5	蝦			
		7	夏			
			廈			
	z	1	齋			
		2	姊		11110	
			姐			
			這			
		3	債			
		4	仄			
			嘖			
			昃			
			簣			
			積			
			幘			
			績			
			織		00010	
			責			
			賾			
			磧			
			職			
		7	寨			
			砦			
	c	1	叉			
			杈			
			尺			
			差			
			扠			
		2	扯			
		3	廁			
		4	冊			
			策			
		5	查			
	s	1	些			
			紗			
			裟			
		5	儕			
衣	null	1	衣			
			伊			
			依			
			咿			
			噫			
			漪			
			猗			
			繄			
			銥			
			餏			
			鷖			
			黟			
			於		10110	
		2	扆			
			犄			
			旖			
			倚			
			綺			
			椅			
		3	意			
			噫			
			曀			
			殪			
			噎			
			憶			
			瘞			
			縊			
			肄		11110	
			薏			
			衣			
			諡			
			鐿			
			饐			
		5	移		11110	
			蛇			
			匜			
			巵	卮		
			夷			
			圯			
			宧			
			姨			
			怡			
			彝			
			扅			
			椸			
			畦		11110	
			痍			
			貽			
			眙			
			簃			
			胰			
			荑			
			詒			
			貤			
			迤			
			迻			
			飴			
		6	咦			
			異			
			易			
			懿			
			裔			
	b	1	碑			
			郫			
			砒			
			蓖			
			蜱			
			裨			
			埤			
			睥			
			陂			
		2	庀			
			比			
			蚍			
			仳			
			妣			
			狴			
			彼			
			毗			
			秕			
			稗			
			紕			
			魮			
			蚍			
		3	庇			
			匕			
			泌			
			痹			
			毖			
			費			
			祕			
			賁			
			轡			
			臂			
		4	鱉			
		5	脾			
			枇			
			琵			
			髀			
			鼙			
			啤			
		6	備			
			俾			
			婢			
			幣			
			瞥			
			憊			
			憋			
			敝			
			獘			
			斃			
			畀			
			蹩			
			蔽			
			被			
			閉			
			𢲾			
			贔			
			鞴			
			鞁			
			陛			
		7	避			
			弊			
	p	1	披			
			狉			
			帔			
		2	丕			
			呸			
			否			
			嚭			
			圮			
			邳			
			痞			
			鄙			
			苤			
		3	媲			
			譬			
			嬖			
			濞			
			淠			
			埤			
		5	疲			
			脾			
			羆			
			貔			
		6	屁			
	bh	2	米			
		7	未			
			味			
		8	篾			
	d	1	的			
			知			
			低			
			氐			
			底			
			祗			
			呧			
			羝			
			蜘			
			踟			
			𩭲			
		2	袛			
			胝			
			底			
			抵			
			弤			
			柢			
			氐			
			牴			
			祗			
			砥			
			詆			
			坻			
			邸			
			徵			
		3	帝			
			致			
			智			
			知			
			緻			
			置			
			蝃	螮		
			碲			
		4	啇			
			滴			
			蒂			
		5	池			
			遞		00101	
		6	弟			
			逮			
			銻			
			彘			
			悌			
			棣			
			隸			
			雉			
			娣			
		7	地			
			治			
		8	碟			
	t	2	體			
		3	剃			
			啻			
			嚏			
			屜			
			替			
			涕			
			滯			
			睇			
			締			
			翅			
			薙			
			褫			
			諦			
		4	鐵			
		5	啼			
			持			
			提			
			綈			
			禔			
			緹			
			鵜			
		6	痔			
	l	2	里			
			李			
			哩			
			俚			
			娌			
			履			
			旅		10110	
			浬			
			澧			
			理			
			禮		00011	
			膂		10110	
			蠡			
			邐			
			裏			
			醴			
			鋰			
			鯉			
		3	攦			
		5	離			
			劙			
			嫠			
			灕			
			摛			
			漓			
			狸			
			璃			
			籬			
			罹			
			犁			
			藜			
			螭			
			酈			
			醨			
			剺			
			厘			
			驪			
			犛			
			魑			
			鸝			
			黎			
			黧			
		6	利			
			鱺			
			盭			
			儷			
			勵			
			厲			
			唳			
			戾			
			捩			
			蒞			
			詈			
			猁			
			癘			
			痢			
			礪			
			糲			
			荔			
			莉			
			蜊			
			砅			
			蠣			
			麗			
		7	例			
			吏			
			哩			
			俐			
		8	咧			
			裂			
	g	1	枝			
			吱			
			嘰			
			機			
			畦		00001	
			基			
			姬			
			岐			
			笄			
			嵇			
			幾			
			朞	期		
			梔			
			乩			
			歧			
			璣			
			畿			
			磯			
			𧝞			
			譏			
			稽			
			箕			
			芰			
			萁			
			肌			
			蟣			
			跂			
			飢			
			饑			
		2	几			
			己			
			屺			
			幾			
			庋			
			杞			
			紀			
			莒			
			麂			
		3	記			
			紀			
			繼			
			廄			
			既			
			暨			
			洎			
			痣			
			罽			
		4	砌			
		5	旗			
			旂			
			棋	碁		
		6	技			
			偈			
			伎			
			企			
			冀			
			妓			
			履			
			薊			
			忌			
			忮			
			窶			
			覬			
			跽			
			驥			
			羈			
	k	1	欺			
			崎			
			敧	欹		
			蹊			
		2	起			
			啓			
			其		00001	
			綮			
			棨			
			䏿			
			芑			
			齒			
		3	氣			
			器			
			愒			
			亟			
			愾			
			憩			
			棄			
			偈			
			汽			
		5	其			
			亓			
			圻			
			奇			
			期			
			沂			
			淇			
			琦			
			琪			
			畸			
			俟			
			祈			
			祇			
			衹			
			祁			
			祺			
			綦			
			耆			
			芪			
			蘄			
			蚑			
			蜞			
			頎			
			騏			
			鬐			
			鰭			
			麒			
		7	忌			
	gh	2	擬		00011	
			儗		00011	
		5	疑			
			嶷			
	h	1	希			
			唏			
			嘻			
			僖			
			兮			
			嬉			
			巇			
			晞			
			曦			
			欷			
			禧			
			稀			
			絺			
			羲			
			浠			
			烯			
			熙			
			郗			
			醯			
			頤			
			熹			
			犧			
		2	喜			
			蟢			
		3	戲			
			屓	屭		
		5	奚			
			畦		11110	
			蹊			
			蠵			
			豀	谿		
			鼷			
		6	系			
			係			
			繫			
			拽			
			勩			
			攜			
			跩			
			曳			
			禊			
	z	1	齏			
		2	只			
			鱭			
			姊		00001	
			址			
			指			
			旨			
			枳			
			酯			
			止			
			沚			
			祉			
			秭			
			咫			
			籽			
			笫			
			紫			
			芷			
			詣			
			茝			
			濟			
			趾			
			黹			
		3	制			
			製			
			鷙			
			劑			
			幟			
			識			
			志			
			掣			
			瘵			
			摯			
			濟			
			傺			
			熾			
			祭			
			瘛			
			瘈			
			至			
			誌			
			質			
			贄			
			躋			
			躓			
			際			
			霽			
		4	折			
			摺			
			接			
			褶			
		6	巳			
			舐			
		7	寺		00001	
		8	折			
			舌			
	c	1	妻			
			嗤			
			媸			
			差			
			棲			
			嗜			
			淒			
			筮			
			癡			
			篪			
			笞			
			萋			
			蚩			
			郪			
			鴟			
			鰭			
		2	褫			
		3	弒			
			刺			
			試			
			翅			
		4	彳			
		5	遲			
			墀			
			齊			
			薺			
			蚳			
			蠐			
			馳			
		6	市			
			鈰			
		7	飼			
		8	蠘			
	s	1	司			
			尸			
			屍			
			施			
			樨			
			絲			
			硒			
			葹			
			蓍			
			詩			
			鷥			
		2	死			
			郤			
			兕			
			屣			
			弛			
			枲			
			矢			
			葸			
			蓰			
			豕			
			始			
		3	四			
			世			
			肆			
			勢			
		4	薛			
			契			
		5	時			
			塒			
			蒔			
			辭			
			鰣			
			匙			
		6	氏			
			侍			
			峙			
			恃			
			是			
			蒔			
			視			
		7	示			
			誓			
			視			
			逝			
			豉			
			筮			
			噬			
		8	蝕			
			食			
	r	4	讋			
		5	兒			
		7	二			
			寺		11110	
			字			
			牸			
			佴			
			刵			
			珥			
			餌			
		8	廿			
			念			
污	null	1	污			
			嗚			
			呼			
			于			
			吁			
			邘			
			圩			
			圬			
			捂			
			鳥			
			洿			
			盂			
			雩			
			盱			
			竽			
			紆			
			訏			
			鄔			
			迂			
		2	羽			
			宇			
			雨		00001	
			禹			
			詡			
			齵			
		3	塢			
			惡			
			堊			
			焐			
		5	娛			
			牾			
			吾			
			圄			
			浯			
			痦			
			鼯			
			齬			
			郚			
		6	有			
			銪			
	b	1	逋			
			酺			
			晡			
		3	富			
			布			
			佈			
			怖			
		5	瓠			
			煲			
		6	哺			
			捕			
	p	4	噗			
		5	涪			
			莆			
			菩			
			葡			
			蒱			
			蒲			
			蜉			
			浮			
	bh	2	侮			
			武			
			嫵			
			撫			
			憮			
			舞			
			碔			
			鵡			
		5	蕪			
			巫			
			廡			
			誣			
		6	務			
			婺			
			騖			
			鶩			
		7	霧			
	d	1	株			
			姝			
			嘟			
			誅			
			蛛			
		2	賭			
			楮			
			堵			
			睹			
		3	著			
		5	櫥			
			躕			
	t	4	腯			
		5	荼			
			途			
			搽			
			圖			
			儲			
			塗			
			徒			
			涂			
			躇			
			酴			
	l	1	嘍			
			夵			
			摟			
		2	嚕			
			僂			
			屢			
			擄			
			櫓			
			氌			
			褸			
			魯			
			塿			
			簍			
			縷			
			蔞			
			虜			
			鑥			
		5	婁			
			僂			
			盧			
			嶁			
			廬			
			摟			
			櫨			
			瀘			
			臚			
			轆			
			瞜			
			轤			
			鏤			
			顱			
			髏			
			鸕			
			蔞			
			蘆			
			螻			
		6	賂			
			潞			
			珞			
			鷺			
	g	1	咕			
			痀	佝		
			鴝			
			岣			
			劬			
			辜			
			軲			
			龜			
			呱			
			骷			
			蛄			
		2	久			
			盬			
			瞽			
			罟			
			蠱			
			詁			
			賈			
			韭			
			嘏			
		3	句			
			崮			
			固			
			故			
			泃			
			灸			
			顧			
			痼			
			錮			
		6	具			
			懼			
			埧			
			俱			
			犋			
			舅			
			颶			
			鵙			
		7	舊			
			故			
	k	1	區			
			佉			
			刳			
			坵			
			傴			
			嶇			
			拘			
			祛			
			摳			
			樞			
			胠			
			袪			
			軀			
			邱			
			駒			
			驅			
			朐			
			瞘			
		4	窟			
		6	臼			
			桕			
	gh	5	牛			
	h	1	夫			
			砆			
			乎			
			呼			
			伕			
			滹			
			桴			
			俘			
			嘑			
			孚			
			腐			
			孵			
			敷			
			罅			
			枹			
			膚			
			莩			
			虖			
			衭			
			趺			
			跗			
			郛			
			蜉			
			鄜			
			鈇			
			麩			
		2	府			
			栩			
			俯	頫		
			父			
			釜			
			滏			
			腑			
			甫			
			滸			
		3	附			
			付			
			拊			
			仆			
			傅			
			副			
			咐			
			駙			
			訃			
			賦			
			賻			
			赴			
		4	欻			
		5	互			
			壺			
			扶			
			蚨			
			餬			
			鬍			
			鳧			
			鶘			
			狐			
			猢			
			瑚			
			胡			
			符			
			糊			
			弧			
			芙			
			苻			
			蝴			
		6	負			
			冱			
			沍			
			婦			
			怙			
			岵			
			鄠			
			扈			
			護			
			蝜			
			輔			
			酗			
			阜			
			鮒			
			滬			
			煦			
			祜			
			穫			
			黼			
		7	乎			
			腐			
	z	1	朱			
			珠			
			侏			
			咀			
			櫫			
			櫧			
			瀦			
			殂			
			沮			
			徂			
			洙			
			硃			
			狙			
			疽			
			組			
			緅			
			苴			
			茱			
			菹			
			詛			
			諏			
			諸			
			趄			
			銖			
			邾			
			駔			
			齟			
			雎			
			蛆			
			罝			
		2	主			
			枓			
			拄			
		3	注			
			疰			
			蛀			
			蠹			
			註			
			鑄			
		4	嘬			
		6	住			
			炷			
			祚			
			聚			
			胙			
			駐			
			酢			
			麈			
	c	1	芻			
			趨			
			雛			
			騶			
		2	娶			
			處			
			取			
			措			
		3	厝			
			處			
			覷		11110	
			趣			
		5	徐			
			滁			
	s	1	須			
			需			
			濡			
			囌			
			湑			
			嬃			
			糈			
			紓			
			抒			
			胥			
			樗			
			舒			
			樗			
			輸			
			鬚			
		2	墅			
			暑			
			署			
			抒			
			攄			
			杵			
			杼			
			曙			
			渚			
			緒			
			翥			
			褚			
			黍			
		3	訴			
			素			
			嗉			
			愫			
			膆			
			塑			
			庶			
			恕			
			愬			
			溯			
			數			
			絮			
		5	殊			
			殳			
			蜍			
		6	豎			
			序			
			敘			
			樹			
			㴻			
			漵			
	r	2	乳			
			茹			
			孺			
			愈			
			月			
			癒			
			窳			
		5	如			
			儒			
			蝓			
			俞			
			嚅			
			孺			
			庾			
			愉			
			揄			
			榆			
			毹			
			洳			
			銣			
			渝			
			濡			
			嵛	崳		
			瑜			
			瘐			
			挐			
			窬			
			腴			
			臾			
			萸			
			茹			
			薷			
			蠕			
			襦			
			覦			
			諛			
			隃			
			顬			
		6	裕			
			喻			
			籲			
			諭			
			逾	踰		
		8	入			
埃	null	1	哀			
			埃			
		2	欸			
			乃	廼迺		
			醢			
			隘			
			噯			
			靄			
			藹			
			曖			
		3	愛			鼻
			嬡			鼻
			慾			鼻
			璦			鼻
			靉			鼻
		5	嬡			
		7	唉			
			哎			
	b	1	㗑			
			唄			
		2	擺			
			捭			
			襬			
		3	拜			
		5	排			
			徘			
			牌			
			箄	簰		
		7	敗			
	p	3	派			
			沛			
			旆			
			湃			
			茷			
			蒎			
			霈			
	m	3	勿			
		5	埋			
			薶			
			霾			
		6	邁			
	bh	5	眉			
			楣			
			嵋			
			鎇			
	d	1	呆			
		2	歹			
			逮			
		3	戴			
			岱			
			玳			
			貸			
			襶			
			黛			
		6	大			
			怠			
			釱			
			殆			
			迨			
			逮			
			靆			
	t	1	篩			
			苔			
		2	呔			
		3	太			
			泰			
			傣			
			態			
			汰			
			鈦			
		5	邰			
			颱			
			臺			
			薹			
			駘			
			鮐			
			擡			
			檯			
		6	待			
	n	2	奶			
			乃	廼迺		
			鼐			
			倷			
			褦			
		6	乃	廼迺		
			奈			
			氖			
			柰			
			瀨			
			癩			
			籟			
			耐			
			賴			
			萘			
	l	3	賚			
			徠			
			睞			
		5	來			
			崍			
			錸			
			梨			
			萊			
			淶			
		6	內			
	g	1	皆			
			偕			
			喈			
			垓			
			楷			
			秸			
			該			
			磑			
			賅			
			荄			
			陔			
			階			
		3	界			
			丐			
			介			
			价			
			尬			
			屆			
			岕			
			斠			
			廨			
			戒			
			疥			
			骱			
			蓋			
			芥			
			蚧			
			誡			
			鈣			
			戤			
		5	個			
	k	1	開			
			鐦			
			揩			
		2	凱			
			剴			
			塏			
			愷			
			楷			
			鎧			
			皚			
			闓			
			磑			
		3	嘅			
			愾			
			暨			
			慨			
			溉			
			概			
	ng	5	呆			
			厓			
			崖			
			捱			
			涯			
			睚			
		6	刈			
			乂			
			岸			
			艾			
			砹			
	gh	7	礙			
	h	1	嗨			
			咳			
			嘿			
		2	嗐			
			海			
		5	孩			
			諧			
			頦			
			駭			
			骸			
			徊			
		6	亥			
			氦			
			咳			
			痎			
			廨			
			懈			
			解			
			械			
			瀣			
			薤			
			邂			
			閡			
		7	害			
	z	1	知			
			栽			
			災			
			菑			
			崽			
		2	宰			
			滓			
			崽			
			載			
		3	再			
			載			
		5	臍			
		6	在			
			豸			
			蠆			
		7	儎			
			哉			
	c	1	猜			
		2	彩			
			採		11100	
			睬			
			綵			
			采			
			踩			
		3	菜			
		5	才			
			財			
			材			
			纔			
			裁			
			豺			
	s	1	西			
			思			
			犀			
			獅			
			腮			
			鰓			
			樨			
		2	使			
			屎			
			駛			
		3	使			
			塞			
			婿			
			曬			
			灑			
			賽			
			鎩			
		6	柿			
歐	null	1	歐			
			凹			
			坳			
			毆			
			漚			
			甌			
			慪			
			謳			
			區			
			鏖			
			鷗			
			靿			
		2	嘔			
			拗			
			媼			
		3	懊			
			奧			
			燠			
		5	喉			
		6	後			
	b	1	包			
			枹			
			孢			
			胞			
			苞			
			麅	狍麃		
			疱	皰		
		2	保			
			堡			
			葆			
			褓			
			鴇			
		6	暴			
			爆			
			鮑			
	p	1	拋			
			刨			
			爮			
			褒			
			鉋			
		2	跑			
		3	炮			
			砲			
			泡			
		5	炮			
			袍			
			咆			
			庖			
			匏			
			瓟			
		6	抱			
	m	2	耄			
		5	矛			
			茅			
			旄			
			牦	犛氂		
			毛			
			酕			
			蟊	蝥		
			髦			
			鍪			
		6	冒			
			媢			
			毷			
			瑁			
			毣			
			貌			
	bh	2	卯			
			昴			
			泖			
			茆			
			鉚			
	d	1	逗			
			兜			
			讀			
			篼			
			忉			
		2	斗			
			倒			
			島			
			找			
			捯			
			枓			
			燾			
			搗			
			抖			
			禱			
			蚪			
			陡			
			鈄			
		3	鬥			
		5	投			
			骰			
		6	道			
			稻			
			導			
			盜			
			蹈			
			纛			
		7	豆			
			痘			
	t	1	偷			
			叨			
			媮			
			搯			
			洮			
			滔			
			縧	絛		
			韜			
		3	套			
			透			
		5	頭			
			啕			
			掏			
			淘			
			陶			
			鼗			
			幬			
			燾			
			濤			
			醄			
	n	1	澆			
			撓			
			鐃			
			硇			
			猱			
			呶			
		2	腦			
			瑙			
			惱			
			孬			
		6	努			
			弩			
			鬧			
		7	鬧			
	l	1	褸			
		2	老			
			荖			
			姥			
			佬			
			簍			
			蔞			
			栳			
			銠			
			潦			
			耮			
		3	澇			
			勞			
		5	勞			
			劉			
			嘮			
			樓			
			撈			
			癆			
			耬			
			嶗			
			牢			
			漊			
		6	老			
		7	瘻			
			漏			
	g	1	交			
			勾			
			溝			
			皋			
			睾			
			篝			
			枸			
			茭			
			句			
			蛟			
			轇			
			郊			
			鉤			
			槔			
			鮫			
			鞲			
			高			
			跤			
			櫜			
		2	九			
			狗			
			佼			
			槁			
			搞			
			杲			
			犒			
			攪			
			狡			
			皎			
			玖			
			縞			
			枸			
		3	到			
			告			
			誥			
			郜			
			夠			
			鋯			
		5	猴			
			緱			
		6	厚			
	k	1	鬮			
			尻			
		2	口			
			考			
			攷			
			拷			
			栲			
			烤			
		3	哭			
			釦			
			叩			
			扣			
			靠			
			銬			
	ng	1	嗷			
			囂		11110	
		5	餚			
			翱			
			崤			
			嶅			
			廒			
			敖			
			殽			
			洨			
			淆			
			熬			
			爻			
			獒			
			聱			
			螯			
			遨			
			鏊			
			驁			
			鰲			
		6	傲			
			奡			
	gh	8	樂			
	h	1	鎬			
			哮			
			囂		00001	
			嚎			
			嚆			
			枵			
			酵			
			滈			
			蒿			
			薅			
			鴞			
			嗥			
			號			
			饕			
			齁			
			猇			
		2	皓			
			吼			
			昊			
			浩			
			灝			
			顥			
		3	孝			
			好			鼻
		5	毫			
			豪			
			濠			
			壕			
		6	校			
		7	効			
			候			
			效			
			鱟			
	z	1	糟			
			遭			
			蹧			
			嘈			
		2	走			
			找			
			蚤			
			笟			
		3	奏			
			竈			
		6	造			
			慥			
			皂			
			唣			
			悼			
			棹			
			淖			
			罩			
	c	1	操			
			剿			
			抄			
			耖			
			鈔			
		2	草			
		3	吵			
			噪			
			操			
			臊			
			臭			
			氉			
			澡			
			譟			
			燥			
			藻			
			躁			
			慥			
		5	曹			
			嘈			
			漕			
			繅			
			巢			
			螬			
	s	1	搔			
			捎			
			梢			
			艄			
			鞘			
			騷			
			蛸			
		3	掃			
			埽			
			哨			
			嗽			
			嘯			
挨	null	1	挨			
		2	矮			
		5	鞋			
	b	4	捌			
			八			
	p	1	批			
	bh	2	買			
		6	𠁞			
		7	賣			
	d	1	堤			
		2	底			
		5	蹄			
			題			
		6	第		00111	
	t	1	釵			
		2	體		00110	
		3	代			
	l	2	禮		11100	
		5	犁			
		7	籬			
		8	笠			
	g	1	街			
			雞			
			階			
		2	改			
			解			
		3	計			
			疥			
			解			
		4	夾			
			裌			
		5	鮭			
		7	易			
		8	夾			
	k	1	溪			
			鸂			
		3	契			
		4	莢			
	gh	5	倪			
		7	囈			
			蓺			
			藝			
	h	6	蟹			
	z	4	節			
		8	截			
	s	1	𦭶			
			嘶			
		2	洗			
			灑	洒		
		3	細			
		4	𩐅			
烏	null	1	烏			
			鎢			
		2	嫗			
		5	湖			
			胡			
		7	芋			
	b	1	埔			
			埠			
		2	補			
			斧			
			脯			
		3	布			
			傅			
		5	醅			
		6	部			
		7	步			
			踄			
	p	1	鋪			
			舖			
		2	普			
			氆			
			匍			
			剖			
			圃			
			掊			
			浦			
			溥			
			甫			
			譜			
			鐠			
			脯			
			裒			
		3	舖			
		6	簿			
	m	2	某		00011	
			懞	懵	00011	
		3	貿		00011	
		5	朦		00011	
			檬		00011	
			蠓		00011	
			矇		00011	
			瞀		00011	
			摸		00011	
			曚		00011	
			蒙		00011	
			哞		00011	
			蛑		00011	
			牟		00011	
			侔		00011	
			謀		00111	
			礞		00011	
			眸		00011	
			幪		00011	
			艨		00011	
			濛		00011	
		6	懋		00011	
			茂		00011	
			袤		00011	
	bh	2	畝			
			牡			
		7	戊			
	d	1	都			
			唗			
		2	肚			
		3	鬥			
		5	圖			
			屠			
			廚			
		6	杜			
			肚			
			芏			
			竇			
			豆			
			脰			
			餖			
		7	度			
			渡			
			鍍			
	t	2	土			
			釷			
		3	吐			
			兔			
			堍			
			菟			
		5	涂			
			塗			
	n	1	奴			
		5	奴			
	l	2	滷			
			鹵			
			櫓			
		3	露			
		5	爐			
			鑪			
			鱸			
			廬			
			蘆			
		6	陋			
		7	路			
			露			
	g	1	姑			
			孤			
			枯			
			沽			
			罛	䑩		
			菇			
			菰			
			䬲			
			辜			
			鴣			
			估			
		2	古			
			牯			
			鼓			
			笱			
			芶			
			羖			
			股			
			臌			
			苟			
			估			
			鈷			
		3	媾			
			夠			
			彀			
			垢			
			妒			
			冓			
			構			
			詬			
			購			
			斁			
			轂			
			覯			
			遘			
			僱			
			顧			
		5	糊			
		6	靠			
	k	1	箍			
			𥸱			
			圈			
		2	苦			
			許			
		3	寇			
			庫			
			蔻			
			褲	絝		
	ng	2	午			
			伍			
			偶			
			忤			
			迕			
			耦			
			藕			
		6	五			
			仵			
			伍			
	gh	5	蜈			
			吳			
		7	誤			
	h	2	虎			鼻
			琥			鼻
			否			鼻
			不			鼻
			唬			鼻
		3	戽			
		5	侯			
			堠			
			瘊			
			糇			
			篌			
			葫			
		6	戶			
			逅			
			后			
			雨		11110	
			骺			
	z	1	租			
			鄒			
			諏			
			陬			
			謅			
		2	祖			
		6	驟			
	c	1	粗			
			觕			
		3	湊			
			簉			
			腠			
			輳			
			醋			
			揍			
		5	愁			
	s	1	蘇			
			穌			
			甦			
			酥			
			颼			
		2	溲			
			叟			
			廋			
			嗖			
			瞍			
			艘			
			謏			
			擻			
			藪			
		3	瘦			
			漱			
安	null	1	安			
			氨			
			胺			
			骯		11011	
			桉			
			銨			
			鵪			
		3	宴			
			按			
			晏			
			甕	瓮	11011	
			齆			
		4	惡		11011	
			堊		11011	
			揠			
			抑			
		5	紅		11011	
			洪		11011	
	b	1	班			
			斑			
			崩		11011	
			幫		11011	
			浜			
			蹦		11011	
			方		11011	
			枋		11011	
			楓		11011	
			彭			
			瘢			
			繃		11011	
			癍			
			邦		11011	
			頒			
		2	梆		11011	
			板			
			扳			
			膀		11011	
			版			
			榜		11011	
			綁		11011	
			繃		11011	
			蝂			
			耪		11011	
			闆			
			坂	阪		
		3	扮			
		4	北		11011	
			亳		11011	
			剝		11011	
			幅		11011	
			腹		11011	
		5	房		11011	
			瓶			
			馮		11011	
		6	稖		11011	
			棒		11011	
			磅		11011	
			謗		11011	
			傍		11011	
		8	縛		11011	
	p	1	蜂		11011	
			攀			
		2	紡		11011	
		3	盼			
			襻			
			嗙			
		4	博		11011	
			搏		11011	
			膊		11011	
			趴		11011	
		5	徬	彷	11011	
			尨		11011	
			帆		11011	
			旁		11011	
			滂		11011	
			篷		11011	
			膀		11011	
			航		11011	
			螃		11011	
			彭		11011	
			甏		11011	
			傍		11011	
			蒡		11011	
			鰟		11011	
			龐		11011	
			霶		11011	
			逄		11011	
		7	縫		11011	
		8	曝		11011	
			暴		11011	
			瀑		11011	
			爆		11011	
			雹		11011	
	m	2	挽			
			輓			
			莽		11011	
			蟒		11011	
		5	忙		11011	
			芒		11011	
			茫		11011	
			蠻			
			虻		11011	
			邙		11011	
			鋩		11011	
			閩			
			硭		11011	
			氓		11011	
			𣙷		11011	
		6	網		11011	
		7	夢		11011	
			慢			
			萬		00001	
			緩			
		8	目		11011	
			嘜	嚜	11011	
			鉬		11011	
			茉		11011	
	bh	8	木		11011	
			墨		11011	
	d	1	丹			
			坍			
			中			
			冬		11011	
			檔		11011	
			噹		11011	
			東		11011	
			殫			
			癉			
			璫		11011	
			簞			
			鐺		11011	
			襠		11011	
			鄲			
		2	癉			
			亶			
			黨		11011	
			董		11011	
			讜		11011	
		3	擋		11011	
			棟		11011	
			檔		11011	
			當		11011	
			蛋			
			蜑			
			旦			
			凍			
			誕			
		4	笪			
		5	同	仝	11011	
			筒		11011	
			茼		11011	
			銅		11011	
			陳			
		6	但			
			愓		11011	
			重		11011	
			宕			
			憚			
			碭		11011	
			盪		11011	
			蕩		11011	
			菪			
			凼			
		7	洞		11011	
			峝	峒	11011	
		8	繨			
			值			
			度			
			踱			
			噠			
			墶			
			毒		11011	
			濯			
			碡		11011	
			達			
			鐸			
	t	1	坍			
			蹚		11011	
			䠀		11011	
			湯		11011	
			噸		11011	
			蟶		11011	
			鏜		11011	
		2	倘		11011	
			儻		11011	
			坦			
			妲			
			忐			
			怛			
			桶		11011	
			淌		11011	
			毯			
			疸			
			鉭			
			袒			
			趟		11011	
			躺		11011	
			靼			
			钂		11011	
		3	亙			
			賺			
			嘆	歎		
		4	拓			
			搨			
			蹋			
			撻			
			橐			
			澾			
			韃			
			溻			
			踢			
			闥			
			榻			
			塌			
		5	唐		11011	
			彈			
			堂		11011	
			塘		11011	
			搪		11011	
			棠		11011	
			檀			
			溏		11011	
			瞠		11011	
			膛		11011	
			螗		11011	
			螳		11011	
			蟲		11011	
			赯		11011	
			醣		11011	
			鄌		11011	
		8	讀		11011	
	n	2	俺			
			懶		00011	
		5	人		11011	
			難		00111	
		7	難		00111	
		8	搦		11011	
			捺		11011	
	l	2	囊		11011	
			囔		11011	
			懶		11000	
			曩		11011	
			攮		11011	
			饢		11011	
			齉	儾	11011	
			赧			
		4	碌		11011	
		5	啷		11011	
			欄			
			浪		11011	
			狼		11011	
			琅		11011	
			礱		11011	
			籠		11011	
			聾		11011	
			膿		11011	
			螂		11011	
			讕			
			稂		11011	
			攔			
			蘭			
			瑯		11011	
			踉		11011	
			閬		11011	
			闌			
			鑭			
			榔		11011	
			廊		11011	
			難		11000	
			斕			
			鱗			
			零		11011	
			瀾			
			爛			
		6	爛			
			朗		11011	
			蒗		11011	
			浪		11011	
			弄		11011	
		7	難		11000	
		8	六		11011	
			力			
			叻			
			樂			
			陸		11011	
	g	1	干			
			乾			
			酐			
			剛		11011	
			姦			
			奸			
			蕑	蕳		
			岡		11011	
			崗		11011	
			工		11011	
			杆			
			江		11011	
			竿			
			碙		11011	
			綱		11011	
			罡		11011	
			艱			
			茳		11011	
			菅			
			豇		11011	
			犴			
			間			
		2	港		11011	
			囝			
			擀			
			澗			
			柬			
			簡			
			講		11011	
			耩		11011	
			梘			
			鐧			
			筧			
		3	幹			
			杠			
			旰			
			榦			
			洚		11011	
			瞯	瞷		
			絳		11011	
			降		11011	
			諫			
		4	角		11011	
			各		11011	
			桷		11011	
			結			
			礐		11011	
			覺		11011	
		7	共		11011	
	k	1	康		11011	
			匡		11011	
			洭		11011	
			夼		11011	
			䆲		11011	
			慷		11011	
			槺		11011	
			劻		11011	
			縴			
			牽			
			恇		11011	
		3	亢		11011	
			吭		11011	
			伉		11011	
			侃		11011	
			匟		11011	
			抗		11011	
			鈧		11011	
			炕		11011	
		4	剋	克		
			催		11011	
			咯		11011	
			麯	麴	11011	
			嘎		11011	
			恪		11011	
			慤	悫愨	11011	
			戛		11011	
			旮			
			搉		11011	
			殼		11011	
			確		11011	
			噶			
			藿		11011	
			确		11011	
			霍		11011	
			榷		11011	
		5	刊		11000	
	ng	1	昂		11011	
		2	眼			
		5	言			
			顏			
		6	唁			
			彥			
			諺			
			雁			
			贋	贗		
		8	岳		11011	
			噩		11011	
			嶽		11011	
			愕		11011	
			鶚		11011	
			萼		11011	
			諤		11011	
			鄂		11011	
			鍔		11011	
			腭	顎	11011	
			鰐	鱷	11011	
	h	1	熯		11011	
			頇			
		2	悍			
			捍			
			汗			
			稈			
			罕			
			瀚			
			翰			
			旰			
			鼾			
			焊			
		3	漢			
			夯			
		4	喝			
			壑			
			曷			
			洫			
			涸			
			劐			
			瞎			
			耠			
			褐			
			謁			
			豁			
			轄			
			遏			
			郝			
			鞨			
			鶡			
		5	寒			
			夯		11011	
			杭		11011	
			迒		11011	
			桁		11011	
			汗			
			航		11011	
			沆		11011	
			瀚			
			珩		11011	
			絎		11011	
			翰			
			行		11011	
			邗			
			降		11011	
			韓			
			頏		11011	
		6	限			
			項		11011	
		7	巷		11011	
		8	學		11011	
			嶨		11011	
	z	1	棕		11011	
			曾			
			罾		11011	
			糌		11011	
			莊		11011	
			臧		11011	
			鬃		11011	
			髒		11011	
		2	攥		11011	
		3	壯		11011	
			奘		11011	
			昝			
			攢			
			粽		11011	
			讚			
			贊			
			躦			
			趲			
			鑽			
			臢			
			棧			
		4	作		11011	
			扎	紥	11011	
			拃		11011	
			紮		11011	
			札	箚劄剳	11011	
			拶			
			櫛			
			癤			
			筰		11011	
			節			
			鍘		11011	
		5	層			
			叢		11011	
		6	藏		11011	
			臟		11011	
			贜	贓	11011	
			臧		11011	
		7	贈			
	c	1	蒼		11011	
			倉		11011	
			傖		11011	
			創		11011	
			戧		11011	
			孱			
			滄		11011	
			潺			
			瑲		11011	
			蔥		11011	
			蹌		11011	
			愴		11011	
			鏘		11011	
			餐			
			鶬		11011	
		2	剷			
			鏟			
			蕆			
		3	創		11011	
			熗		11011	
			璨		11011	
			燦		11011	
			粲		11011	
		4	察			
			膝		00100	
			擦			
			搽			
			漆			
			剎			
			䃰			
			錯			
			鑔			
		5	戕		11011	
			殘		11011	
			田			
			藏		11011	
		8	鰂			
			賊			
			鑿		11011	
	s	1	刪			
			瀧		11011	
			姍			
			澘	潸	11011	
			珊			
			舢			
			芟			
			跚			
			雙		11011	
			鬆		11011	
		2	滻		11011	
		3	送		11011	
			喪		11011	
			疝			
			氙			
			訕			
			霰			
		4	塞			
			撒			
			鎩			
			剎			
			薩			
			虱			
紅	null	1	骯		00100	
		3	甕	瓮	00100	
		4	惡		00100	
			堊		00100	
		5	紅		00100	
			洪		00100	
	b	1	崩		00100	
			幫		00100	
			蹦		00100	
			方		00100	
			枋		00100	
			楓		00100	
			繃		00100	
			邦		00100	
		2	梆		00100	
			膀		00100	
			榜		00100	
			綁		00100	
			繃		00100	
			耪		00100	
		4	北		00100	
			亳		00100	
			剝		00100	
			幅		00100	
			腹		00100	
		5	房		00100	
			馮		00100	
		6	稖		00100	
			棒		00100	
			磅		00100	
			謗		00100	
			傍		00100	
		8	縛		00100	
	p	1	蜂		00100	
		2	紡		00100	
		4	博		00100	
			搏		00100	
			膊		00100	
			趴		00100	
		5	徬	彷	00100	
			尨		00100	
			帆		00100	
			旁		00100	
			滂		00100	
			篷		00100	
			膀		00100	
			航		00100	
			螃		00100	
			彭		00100	
			甏		00100	
			傍		00100	
			蒡		00100	
			鰟		00100	
			龐		00100	
			霶		00100	
			逄		00100	
		7	縫		00100	
		8	曝		00100	
			暴		00100	
			瀑		00100	
			爆		00100	
			雹		00100	
	m	2	莽		00100	
			蟒		00100	
		5	忙		00100	
			芒		00100	
			茫		00100	
			虻		00100	
			邙		00100	
			鋩		00100	
			硭		00100	
			氓		00100	
			𣙷		00100	
		6	網		00100	
		7	夢		00100	
		8	目		00100	
			嘜	嚜	00100	
			鉬		00100	
			茉		00100	
	bh	8	木		00100	
			墨		00100	
	d	1	冬		00100	
			檔		00100	
			噹		00100	
			東		00100	
			璫		00100	
			鐺		00100	
			襠		00100	
		2	黨		00100	
			董		00100	
			讜		00100	
		3	擋		00100	
			棟		00100	
			檔		00100	
			當		00100	
		5	同	仝	00100	
			筒		00100	
			茼		00100	
			銅		00100	
		6	愓		00100	
			重		00100	
			碭		00100	
			盪		00100	
			蕩		00100	
		7	洞		00100	
			峝	峒	00100	
		8	毒		00100	
			碡		00100	
	t	1	蹚		00100	
			䠀		00100	
			湯		00100	
			噸		00100	
			蟶		00100	
			鏜		00100	
		2	倘		00100	
			儻		00100	
			桶		00100	
			淌		00100	
			趟		00100	
			躺		00100	
			钂		00100	
		5	唐		00100	
			堂		00100	
			塘		00100	
			搪		00100	
			棠		00100	
			溏		00100	
			瞠		00100	
			膛		00100	
			螗		00100	
			螳		00100	
			蟲		00100	
			赯		00100	
			醣		00100	
			鄌		00100	
		8	讀		00100	
	n	5	人		00100	
		8	搦		00100	
			捺		00100	
	l	2	囊		00100	
			囔		00100	
			懶		00100	
			曩		00100	
			攮		00100	
			饢		00100	
			齉	儾	00100	
		4	碌		00100	
		5	啷		00100	
			浪		00100	
			狼		00100	
			琅		00100	
			礱		00100	
			籠		00100	
			聾		00100	
			膿		00100	
			螂		00100	
			稂		00100	
			瑯		00100	
			踉		00100	
			閬		00100	
			榔		00100	
			廊		00100	
			零		00100	
		6	朗		00100	
			蒗		00100	
			浪		00100	
			弄		00100	
		8	六		00100	
			陸		00100	
	g	1	剛		00100	
			岡		00100	
			崗		00100	
			工		00100	
			江		00100	
			碙		00100	
			綱		00100	
			罡		00100	
			茳		00100	
			豇		00100	
		2	港		00100	
			講		00100	
			耩		00100	
		3	洚		00100	
			絳		00100	
			降		00100	
		4	角		00100	
			各		00100	
			桷		00100	
			礐		00100	
			覺		00100	
		7	共		00100	
	k	1	康		00100	
			匡		00100	
			洭		00100	
			夼		00100	
			䆲		00100	
			慷		00100	
			槺		00100	
			劻		00100	
			恇		00100	
		3	亢		00100	
			吭		00100	
			伉		00100	
			侃		00100	
			匟		00100	
			抗		00100	
			鈧		00100	
			炕		00100	
		4	催		00100	
			咯		00100	
			麯	麴	00100	
			嘎		00100	
			恪		00100	
			慤	悫愨	00100	
			戛		00100	
			搉		00100	
			殼		00100	
			確		00100	
			藿		00100	
			确		00100	
			霍		00100	
			榷		00100	
		5	刊		00100	
	ng	1	昂		00100	
		8	岳		00100	
			噩		00100	
			嶽		00100	
			愕		00100	
			鶚		00100	
			萼		00100	
			諤		00100	
			鄂		00100	
			鍔		00100	
			腭	顎	00100	
			鰐	鱷	00100	
	h	1	熯		00100	
		5	夯		00100	
			杭		00100	
			迒		00100	
			桁		00100	
			航		00100	
			沆		00100	
			珩		00100	
			絎		00100	
			行		00100	
			降		00100	
			頏		00100	
		6	項		00100	
		7	巷		00100	
		8	學		00100	
			嶨		00100	
	z	1	棕		00100	
			罾		00100	
			糌		00100	
			莊		00100	
			臧		00100	
			鬃		00100	
			髒		00100	
		2	攥		00100	
		3	壯		00100	
			奘		00100	
			粽		00100	
		4	作		00100	
			扎	紥	00100	
			拃		00100	
			紮		00100	
			札	箚劄剳	00100	
			筰		00100	
			鍘		00100	
		5	叢		00100	
		6	藏		00100	
			臟		00100	
			贜	贓	00100	
			臧		00100	
	c	1	蒼		00100	
			倉		00100	
			傖		00100	
			創		00100	
			戧		00100	
			滄		00100	
			瑲		00100	
			蔥		00100	
			蹌		00100	
			愴		00100	
			鏘		00100	
			鶬		00100	
		3	創		00100	
			熗		00100	
			璨		00100	
			燦		00100	
			粲		00100	
		5	戕		00100	
			殘		00100	
			藏		00100	
		8	鑿		00100	
	s	1	瀧		00100	
			澘	潸	00100	
			雙		00100	
			鬆		00100	
		2	滻		00100	
		3	送		00100	
			喪		00100	
庵	null	1	庵			
			盦			
			諳			
		3	暗			
			揞			
			諳			
			闇			
			黯			
		4	呷			
			押			
			狎			
		6	頷			
		8	匣			
			盒			
	d	1	眈			
			湛			
			耽			
			聃			
		2	萏			
		4	答			
			嗒			
			瘩			
			溚			
		6	啖			
	t	1	貪			
		3	探			
		4	褟			
			錔			
			𩷽			
		5	撢	撣		
			贉			
			痰			
			曇			
			蕁			
			覃			
			潭			
			談			
			譚			
			郯			
			壜	罈罎		
			蟫			
			澹			
		7	趟	䠀蹚		
		8	塌			
	n	2	覽		01011	
			攬		01011	
			欖		01011	
			搿		01011	
			艦	䚀	01011	
			腩		01011	
			纜		01011	
			檻		01011	
		4	肭			
		5	南		01011	
			喃		01011	
			囡		01011	
			嵐		01011	
			楠		01011	
			男		01011	
			藍		01011	
			蝻		01011	
			襤		01011	
			婪		01011	
			罱		01011	
		6	灠		01011	
			濫		01011	
		8	吶			
			納			
			衲			
			訥			
			諾			
			鈉			
	l	2	覽		10100	
			攬		10100	
			欖		10100	
			搿		10100	
			艦	䚀	10100	
			腩		10100	
			纜		10100	
			檻		10100	
		5	南		10100	
			喃		10100	
			囡		10100	
			嵐		10100	
			楠		10100	
			男		10100	
			藍		10100	
			蝻		10100	
			襤		10100	
			婪		10100	
			罱		10100	
		6	灠		10100	
			濫		10100	
	g	1	甘			
			泔			
			疳			
			尷			
			紺			
			監			
		2	感			
		3	檻			
			鑒	鑑鍳		
			監			
			淦			
		4	蛤			
			合			
			鴿			
	k	1	堪			
			坩			
			嵌			
			戡			
			龕			
		2	坎			
			嵌			
			瞰			
			矙			
			砍			
			闞			
		3	勘			
			磡			
		4	郃			
			溘			
			恰			
			掐			
			搕			
			饁			
			嗑			
			瞌			
			榼			
			盍			
			閤			
			磕			
			闔			
	ng	5	巖	巗		
			岩			
			癌			
	h	1	蚶			
			憨			
			酣			
			邯			
		3	喊			
		5	含			
			晗			
			浛			
			咸			
			啣			
			函			
			涵			
			菡			
			銜			
			頷			
		6	憾			
			撼			
		7	陷			
		8	峽			
	z	1	針			
			簪			
		2	嶄			
			塹			
			斬			
			槧			
		3	譖			
			蘸			
		4	匝			
			汁			
			咂			
			軋			
			釓			
			眨			
			唼			
			札	箚劄剳		
			扎	紥		
			砸			
			紮			
			噆			
		6	站			
			鏨			
		8	十			
			什			
			拾			
			雜			
	c	1	參			
			摻			
			攙			
			滲			
			驂			
			磣			
		2	憯			
			慘			
		3	懺			
			讖			
			儳			
			羼			
		5	慚	慙		
			讒			
			巉			
			饞			
		7	鵮			
	s	1	杉			
			三			
			毿			
			釤			
			穇			
		2	糂	糝		
		4	卅			
			𢶍			
			靸			
			颯			
			𧐔			
翁	null	1	翁			
			嗡			
			䩺			
		3	蓊			
			盎			
		4	喔			
			屋			
			幄			
			握			
			沃			
			鋈			
			齷			
			渥			
		6	唪			
		7	訇			
	b	2	甭			
		4	卜			
		5	乓			
			泵			
		7	磅			
			鎊			
		8	僕			
			蔔			
	p	3	碰			
			膀			
		4	仆			
			幞			
			撲			
			樸			
			濮			
			朴			
			璞			
			釙			
			蹼			
			醭			
			鏷			
		5	芃			
			蓬			
			縫			
			鵬			
	m	2	某		11100	
			懞	懵	11100	
		3	貿		11100	
		5	朦		11100	
			檬		11100	
			蠓		11100	
			矇		11100	
			瞀		11100	
			摸		11100	
			曚		11100	
			蒙		11100	
			哞		11100	
			蛑		11100	
			牟		11100	
			侔		11100	
			謀		11000	
			礞		11100	
			眸		11100	
			幪		11100	
			艨		11100	
			濛		11100	
		6	懋		11100	
			茂		11100	
			袤		11100	
		8	寞			
			沐			
			歿			
			沒			
			牧			
			疫			
			穆			
			苜			
			莫			
			鄚			
			万			
			冒			
			繆			
			霂			
			鏌			
			睦			
	d	1	中		11110	
			忠			
			東			
			氡			
			咚			
			鼕			
		2	董			
			懂			
		3	中		11110	
			凍			
			湩			
			疼			
			蝀			
			棟			
		4	斲			
			琢			
			瘃			
			督			
			筑			
			築			
			篤			
			斫			
		6	丼			脣
			仲			
			動			
			重			
		7	捅			
		8	瀆			
			頓			
			櫝	匵		
			殰			
			牘			
			犢			
			獨			
			覿			
			讟			
			涿			
			纛			
			逐			
			髑			
			黷			
	t	1	通			
		2	寵			
			冢	塚		
			統			
		3	痛			
			慟			
		4	柝	𣟄		
		5	佟			
			侗			
			僮			
			峒	峝		
			幢			
			彤			
			憧			
			恫			
			曈			
			桐			
			同	仝		
			胴			
			潼			
			疃			
			洞			
			酮			
			瞳			
			童			
			艟			
			烔			
	l	2	壟	壠		
			攏			
			籠			
			隴			
		5	儂			
			曨			
			朧			
			矓			
			瀧			
			濃			
			櫳			
			農			
			穠			
			瓏			
			癃			
			隆			
			噥			
			窿			
			膿			
			蘢			
		6	弄			
		8	咯			
			戮			
			摝			
			洛			
			淥			
			漉			
			濼			
			烙			
			貉			
			僇			
			甪			
			珞			
			陸			
			碌			
			祿			
			酪			
			輅			
			逯			
			鉻			
			樂			
			錄			
			雒			
			麓			
			餎			
			駱			
			絡			
			轆			
			簏			
	g	1	公			
			功			
			工			
			攻			
			肛			
			蚣			
		3	貢			
			嗊			
			戇			
			杠			
			汞			
			贛	贑灨		
			供			
		4	嘓			
			國			
			摑			
			幗			
			穀			
			榖			
			蟈			
			轂			
			谷			
			玨	珏瑴		
			瀔			
		5	戇			
	k	1	空			
			崆			
			箜			
		2	倥			
			孔			
		3	控			
			空			
			鞚			
		4	柝	𣟄		
			哭			
			嚳			
			梏			
			酷			
			鵠			
			告			
			觳			
	h	1	丰			
			諷			
			封			
			峯			
			烽			
			灃			
			奉		00001	
			葑			
			風			
			哄			
			豐			
			轟			
			酆			
			鋒			
		2	俸			
			捧			
			唪			
			蚌			
		3	哄			
			蕻			
			諷			
			賵			
			閧	鬨		
			訌			
		4	福			
			復			
			蝠			
			蝮			
			複			
			輻			
		5	宏		11100	
			弘			
			烘			
			泓			
			紘			
			虹			
			逢			
			洪			
			鴻			
		6	鳳			
			奉		11110	
		7	轟			
		8	伏			
			域		11100	
			惑		11100	
			或		11100	
			棫		11100	
			蜮		11100	
			復			
			服			
			槲			
			洑			
			縠			
			茯			
			菔			
			蔛			
			袱			
			覆			
			鰒			
			斛			
	z	1	宗			
			樅			
			琮			
			縱			
			終			
			綜			
			螽			
			蹤			
			淙			
			嵏	嵕		
		2	總			
			傯			
			踵			
		3	縱			
			瘲			
			衆		00010	
			慫		01100	
		4	囑			
			斸			
			矚			
			劚			
			祝			
			屬			
			足			
			喌			
		6	從			
		8	族			
			嗾			
			簇	蔟		
			鏃			
	c	1	充			
			匆			
			忡			
			翀			
			聰			
			种			
			茺			
			衝			
			衷			
			驄			
			冲			
			沖			
		3	衝			
		4	亍			
			促			
			捉			
			戳			
			槭			
			矗			
			蠋			
			觸			
			躅			
			鐲			
			蹙			
			齪			
			蹴			
			斮			
		5	從			
			蓯			
			崇			
	s	1	鬆			
			嵩			
		2	悚			
			慫		10011	
			竦			
			聳			
		3	宋			
		4	叔			
			夙			
			寂			
			束			
			嗦			
			涑			
			淑			
			漱			
			縮			
			肅			
			簌			
			蓿			
			索			
			菽			
			蔌			
			觫			
			謖			
			速			
			餗			
		5	凇		11110	
			松		11110	
			淞		11110	
			菘		11110	
		6	訟			
			誦			
			頌			
		8	俗			
			屬			
			塾			
			孰			
			續		11110	
			贖			
	r	2	扔		11100	
			冗		11100	
			氄		11100	
		5	戎		11100	
			毧		11100	
			仍		10000	
			礽		10000	
			絨		11100	
			茸		11100	
			狨		11100	
			羢		11100	
		8	溽			
			縟			
			蓐			
			褥			
			辱			
英	null	1	英			
			嚶			
			應			
			霙			
			鶯			
			鷹			
			鸚			
			櫻			
			攖			
			瑛			
			瓔			
			癭			
			纓			
			罌			
			膺			
			嬰			
			罃			
		3	應			
		4	溢			
			鎰			
			肊			
			臆			
		5	塋		01000	
			熒		01000	
			㼆		01000	
			瑩		01000	
			縈		01000	
			滎		01000	
			螢		01000	
		7	用			
		8	易			
			埸			
			奕			
			蜴			
			嶧			
			弈			
			弋			
			懌			
			掖			
			斁			
			譯			
			液			
			聿			
			繹			
			翊			
			翌			
			翼			
			霱			
			億			
			憶			
			腋			
			溢			
	b	2	炳			
			邴			
			秉			
		4	迫			
			逼			
			伯			
			愎			
			煏			
			輻			
			柏			
		5	憑		11011	
		6	栟			
			并			
			並			
			併			
			胼			
			迸			
			駢			
	p	1	烹			
			拼			
			姘		11101	
		3	聘			
			娉			
			騁			
		4	珀			
			碧			
			𤏡			
			劈			
			匐			
			擗			
			擘			
			蔔			
			薜			
			魄			
			霹			
			辟			
			闢			
			襞			
			甓			
		5	平			
			憑		00100	
			怦			
			姘		00010	
			坪			
			抨			
			枰			
			砰			
			朋			
			硼			
			秤			
			苹			
			評			
			鬅			
	m	2	皿			
			錳			
			酩			
			茗			
		5	茗			
			明			
			冥			
			洺			
			溟			
			盟			
			盲			
			甍			
			瞑			
			萌			
			蓂			
			虻			
			螟			
			銘			
			鳴			
		6	命			
			孟			
		8	陌			
			冪			
			汨			
			驀			
			貊			
	d	1	丁			
			仃			
			叮			
			徵			
			汀			
			燈			
			疔			
			癥	症		
			町			
			登			
			蹬			
			簦			
			玎			
			釘			
			鐙			
			靪			
			酊			
		2	等			
			戥			
			頂			
			酊			
		3	凳			
			飣			
			叮			
			釘			
			訂			
			碇	矴		
			鐙			
			盯			
			磴			
		4	德			
			嫡			
			竹			
			竺			
		5	亭			
			重			
			葶			
		6	錠			
			綻			
			腚			
			躑			
			鄭			
			鄧			
		8	敵			
			鹿			
			特			
			嘀			
			妯			
			值			
			滌			
			狄			
			笛			
			翟			
			荻			
			菂			
			的			
			蟄			
			軸			
			迪			
			逖	逷		
			鏑			
	t	1	窗			
			汀			
			懲			
		2	挺			
			梃			
			逞			
			郢			
			鋌			
			艇			
			穎			
			潁			
		3	聽			
		4	倜			
			剔			
			敕			
			忑			
			鋱			
			飭			
			忒			
			禿			
			磔			
			惕			
			慝			
			趯			
			鶒	鷘		
			陟			
			騭			
		5	停			
			塍			
			婷			
			渟			
			澄			
			庭			
			澂			
			汀			
			滕			
			町			
			瞪			
			瞠			
			騰			
			莛			
			蜓			
			霆			
			酲			
			謄			
			廷			
	n	5	能		00011	
		8	肉			
			匿			
			溺			
			搦			
			昵			
			慝			
			衵			
			恧			
	l	1	鈴			
		2	攆			
			隴			
		5	伶			
			淩			
			另			
			嚨			
			囹			
			寧			
			楞	愣		
			拎			
			擰			
			塄			
			棱			
			櫺			
			泠			
			凌			
			濘			
			獰			
			玲			
			瓴			
			甯			
			檸			
			睖			
			綾			
			羚			
			翎			
			聆			
			能		11100	
			舲			
			菱			
			薐			
			蛉			
			酃			
			陵			
			零			
			靈			
			鯪			
			鴒			
			齡			
			龍			
		6	令			
			甯			
			佞			
			苓			
		8	仂			
			屴			
			勒			
			泐			
			氯			
			肋			
			綠			
			轢			
			菉			
			陸			
			鰳			
	g	1	宮			
			供			
			弓			
			涇			
			矜			
			經			
			荊			
			更			
		2	景			
			剄		00011	
			境			
			憬			
			璟			
			竟			
		3	更			
			敬			
		4	亟			
			侷			
			殛			
			㦸			
			革			
			墼			
			棘			
			檄			
			激			
			緙			
			菊			
			翮			
			跼			
		6	警			
			競			
			儆			
		8	極			
			局			
			鋦			
			湨			
	k	1	卿			
			傾		00100	
			兢			
			筐			
		2	裉			
			肯			
			頃		00100	
			掯			
			啃			
		3	慶			
			檾			
			罄			
			磬			
		4	曲			
			刻			
			擊			
		5	鯨			
			瓊		00100	
			乾		00010	
			勍			
			坰			
			扃			
			擎			
			檠			
			莖			
			黥			
		6	莕		00001	
			杏		00001	
	ng	5	迎		01100	
			凝		01100	
		8	逆			
	gh	8	獄			
			玉			
			鈺			
	h	1	興			
			亨			
			哼			
			脝			
			胸			
			馨			
		2	擤			
		3	興			
		4	黑			
			滆			
			劾			
			核			
			覈			
			覡			
			赩			
			赫			
			鬩			
			閡			
		5	刑			
			型			
			形			
			恆			
			桁			
			王			
			硎			
			行			
			陘			
		6	幸			
			倖			
			杏		11110	
			悻			
			莕		11110	
			行			
			孕		10000	
	z	1	增			
			貞			
			偵			
			僧			
			湞			
			崢			
			掙			
			征			
			噌			
			怔			
			憎			
			蹭			
			曾			
			鉦			
			幀			
			錚			
			鍾			
			鐘			
			赬			
			諍			
			猙			
			琤			
			甑			
			盅			
			睛			
			睜			
			矰			
			楨			
			禎			
			箏			
			精			
			繒			
			鐺			
			䋫			
			舂			
			菁			
			蒸			
			丁			
		2	種			
			腫			
		3	政			
			種			
			症			
			衆		11101	
			證			
		4	則			
			謖			
			叔			
			崱			
			稷			
			燭			
			癪			
		5	嘗			
			曾			
		6	淨			
			靚			
			靖			
		8	一			
			壹			
			弌			
			澤			
	c	1	清			
			偁			
			稱			
			蜻			
			檉			
			圊			
		3	倩			
			稱			
			茜			
			銃			
			蒨			
		4	側			
			惻			
			戚			
			嘁			
			慼			
			斥			
			測			
			粟			
			僳			
			膝		10011	
			槭			
			坼			
		5	情			
			棖			
			橙			
			餳			
	s	1	升	陞		
			惺			
			猩			
			笙			
			生			
			牲			
			眚			
			旌			
			昇			
			甡			
			甥			
			腥			
			勝			
		3	勝			
		4	夕			
			嗇			
			擲			
			奭			
			息			
			媳			
			式			
			悉			
			晰	晳		
			郝			
			析			
			栻			
			銫			
			汐			
			淅			
			湜			
			熄			
			瑟			
			皙			
			螫			
			埴			
			植			
			殖			
			矽			
			碩			
			穡			
			穸			
			蟋			
			窸			
			色			
			蜥			
			螅			
			識			
			軾			
			適			
			釋			
			飾			
		5	成			
			承			
			丞			
			乘			
			誠			
		6	盛			
			乘			
			嵊			
		8	熟			
	r	5	仍		01100	
			礽		01100	
		6	孕		01100	
			媵		11100	
因	null	1	因			
			咽			
			銦			
			堙			
			姻			
			恩		00011	
			摁		00011	
			蒽		00011	
			氤			
			湮			
			煙			
			胭			
			茵			
			裀			
			殷		00011	
			鄄			
			甄			
		2	尹		00011	
			引			
			癮			
			蚓			
			隱		00011	
		3	印			
		4	乙			
			釔			
			一			
			咽			
		5	寅		11110	
			夤		11110	
			演		11110	
			鉛		11110	
			沿		11110	
		7	暈			
		8	逸			
			迭			
			佚			
			佾			
			妷			
			泆			
			軼			
	b	1	乒			
			份		11100	
			彬	斌	11100	
			濱		11100	
			浜		11100	
			檳			
			繽		11100	
			賓		11100	
			豳		11100	
			邠		11100	
			儐		11100	
		2	品		11001	
			匾		11011	
			稟			
			箅			
		3	遍		11000	
			嬪			
			擯			
			殯			
			篦			
			編			
			髕	臏		
			鬢			
		4	必			
			筆			
			觱			
			鉍			
		8	畢		11101	
			篳	蓽	11101	
			苾		11101	
			蹕		11101	
			癟	㿜	11101	
			弼		11100	
			嗶		11101	
	p	2	貶			
			匾		00100	
			品		00110	
			砭			
			屏			
			牝			
		4	匹			
			疋			
		5	貧			
			屏			
			頻			
			蘋			
			濱			
			顰			
			摒			
			瀕			
	m	5	民			
			岷			
			抿			
			緡			
			泯			
			眠			
		7	面			
		8	滅		11110	
			宓			
			密			
			蔑			
			衊			
			覓			
			蠛			
			默			
			謐			
	bh	8	蜜			
	d	3	鎮		11110	
		4	得			
			鍀			
		5	塵			
			藤			
		7	陣			
		8	直			
	t	5	陳			
	n	2	恁			
	l	2	輦			
		5	鄰			
			嶙			
			轔			
			遴			
			鰱			
			鱗			
			麟			
			燐			
			疄			
			瞵			
			磷			
	g	1	斤		00011	
			根		00011	
			觔		00011	
			筋		00011	
			跟		00011	
			鈞		00011	
			巾		00011	
			均		00011	
		2	緊			
			僅		00011	
			廑		00011	
			卺	巹	00011	
			槿		00011	
			殣		00011	
			瑾		00011	
			堇		00011	
			謹		00011	
			饉		00011	
		3	覲		00011	
			艮		00011	
			哏		00011	
			茛		00011	
			靳		00011	
		4	吉		11110	
			橘	桔		
			結			
			碣			
			楬			
			揭			
		6	近		00011	
	k	1	輕			
			氫			
			烴			
		4	乞		00011	
		5	勤		00011	
			芹		00011	
	ng	3	誾		00011	
		5	迎		00011	
			凝		00011	
			銀		00011	
			齦		00011	
			齗		00011	
			鄞		00011	
			狺		00011	
			垠		00011	
			嚚		00011	
	h	1	欣		00011	
			勛	勳	00011	
			掀		00011	
			曛		00011	
			燻		00011	
			薰		00011	
			軒		00011	
			醺		00011	
			昕		00011	
			鍁		00011	
		2	很		00011	
			狠		00011	
		5	暈			
			眩			
		6	恨		00011	
		7	現		11100	
			見		11100	
	z	1	真			
			津			
			溱			
			甄			
			嗔			
			瞋			
			榛			
			蓁			
			薪			
			臻			
		2	振			
			拯			
			賑			
			震			
		3	進			
			搢			
			薦		11110	
			縉			
			牮			
			洊		11110	
			晉			
		4	唧		00100	
			即		00100	
			瘠			
			織		11101	
			浙		11100	
			脊			
			蹐			
			鯽			
			鶺			
		6	藎			
			濜			
			盡			
			儘			
		8	疾		00111	
			嫉		00111	
			蒺		00111	
	c	1	親			
		3	凊			
			櫬			
			稱			
			秤			
			襯			
			齔			
		4	七			
			柒			
			拭			
		5	臣			
			秦			
			螓			
	s	1	身			
			申			
			伸			
			呻			
			新			
			砷			
			紳			
			莘			
			辛			
			鋅			
			騂			
		2	慎		00111	
		3	信			
			囟			
			芯			
			汛			
			訊			
			迅			
		4	失			
			室			
		5	神			
			娠			
			宸			
			晨			
			澠			
			繩			
			蠅			
			辰			
			蜃			
		7	剩			
		8	實			
			殖			
	r	2	忍		00011	
		5	仁			
			人			
		7	認			
		8	日			
音	null	1	音			
			喑			
			愔			
			瘖			
			陰			
		2	飲			
		3	廕			
			蔭	廕		
			窨			
		4	邑			
			挹			
			悒			
			揖			
			浥			
		5	淫			
			蟫			
			霪			
	d	1	鴆			
			酖			
			琛			
			郴			
			燖	燂		
		3	掂			
			揕			
		5	沉			
			沈			
		6	朕			
	n	2	廩		01011	
			懍		01011	
			凜		01011	
			檩		01011	
		5	琳		01000	
			霖		01000	
			林		01000	
			臨		01000	
			淋		01000	
	l	2	廩		10100	
			懍		10100	
			凜		10100	
			檩		10100	
		5	琳		10111	
			霖		10111	
			林		10111	
			臨		10111	
			淋		10111	
		8	立			
	g	1	今			
			金			
		2	錦			
		3	禁			
			噤			
		4	急			
			給			
		6	妗			
		8	及			
			芨			
	k	1	欽			
			嶔	𡼲		
			衾			
			衿			
			襟			
		2	撳			
		4	吸			
			級			
			圾			
			岌			
			汲			
			歙			
			泣			
			笈			
		5	噙			
			檎			
			擒			
			禽			
			鈐			
			琴			
	ng	5	吟			
			岑			
			崟	崯		
			涔			
			芩			
			黔			
	h	1	歆			
			鑫			
		4	翕			
			歙			
		5	熊			
	z	1	斟			
			箴			
		2	枕			
		3	浸			
			寖			
		4	執			
			縶			
		8	集			
			疾		11000	
			嫉		11000	
			蒺		11000	
	c	1	深			
		2	寢			
			鋟			
		3	沁			
			吣	唚		
		4	輯			
			楫			
			膝		01000	
			戢			
			緝			
			葺			
			蕺			
		5	侵			
			尋			
			潯			
			蕁			
			撏			
			駸			
			鱘			
	s	1	心			
			芯			
			蓡			
			森		00011	
			參		00011	
		2	沈			
			審			
			讅			
			嬸			
			慎		11000	
			沁			
			瀋			
			稔			
			諗			
		4	濕	溼		
			隰			
		5	伈			
			忱			
			諶			
			葚			
		6	甚			
		8	什			
			習			
			嶍			
			拾			
			襲			
			鰼			
	r	2	刃			
			仞			
			忍		11100	
			飪			
			訒			
			衽			
			紉	紝		
			荏			
			軔			
			韌			
			妊			
			稔			
			牣			
		6	任			
			恁			
			賃			
			壬			
		7	任			
		8	入			
呀	null	1	呀			
			揶		00001	
		2	野			
			冶			
		4	益			
		5	爺			
			耶			
			椰			
		7	也			
			亦			
		8	驛			
			易			
	b	4	壁			
			璧			
	p	4	僻			
			癖			
	d	1	爹			
		4	摘			
			擢			
			謫			
		8	糴			
	t	4	拆			
	l	8	掠			
	g	1	加			
			迦			
			佳			
			咖			
			嘉			
			珈			
			痂			
			笳			
			葭			
			跏			
			伽			
		2	假			
			賈			
			檟			
			斝			
		3	寄			
		4	揭			
			訐			
		6	崎			
		8	劇			
			屐			
			竭		00001	
	k	3	騎			
		4	隙			
		5	騎			
		6	企			
			跂			
	gh	3	訝			
			迓			
		5	琊			
	h	1	靴			
		3	暇			
			罅			
		4	歇			
		5	霞			
			遐			
			瑕			
		6	下			
			蟻		11010	
			瓦			
		7	瓦			
		8	役		11110	
			額			
	z	1	遮			
		2	者			
			鍺			
			赭			
			姐			
		3	蔗			
			柘			
			炙			
			跖	蹠		
			鷓			
		4	隻			
			迹	跡蹟		
			摭			
		6	籍			
			藉			
			褯			
		7	謝			
		8	食			
	c	1	車			
			硨			
			賒			
			奢			
		4	赤			
	s	2	寫			
			捨			
		3	舍			
			卸			
			捨			
			瀉			
			猞			
			謝			
			赦			
			厙			
		4	峭			
			錫			
			削			
		5	邪			
			佘			
			畲			
			斜			
		6	社			
		7	射			
			榭			
			謝			
			麝			
		8	席			
	r	2	惹			
			喏			
			偌			
腰	null	1	腰			
		2	舀			
		4	約			
		5	姚			
			窑	𡩴窯		
		8	藥			
	b	1	錶			
			標			
			鏢			
			膘			
			鑣			
		2	表			
		3	裱			
			漂			
	p	3	票			
		5	萍			
		6	鰾			
	bh	5	描			
			瞄			
		7	廟			
	d	4	著			
			着			
		5	潮			
		6	趙		00111	
		8	着			
	t	1	挑			
		3	糶			
	l	8	撂		00001	
			略		00001	
	g	3	叫			
		4	角			
			腳			
		5	茄			
			橋			
		6	藠			
		7	轎			
	h	8	葉			
			頁			
	z	1	招			
			椒			
			蕉			
		2	少			
		3	照			
			醮			
			曌			
		4	借			
			質			
			鑕			
		8	石			
			鼫			
	c	3	笑			
		4	尺			
			呎			
		8	席			
			蓆			
	s	1	燒			
		4	惜			
	r	5	橈			
		7	尿			
憂	null	1	憂			
			優			
			鷗			
			呦			
			幽		00001	
			耰			
		2	友			
			有			
			卣			
			牖			
			囮			
			肘			
			莠			
			誘			
			酉			
			鮪			
			黝			
			羑			
			狖			
		5	由			
			有			
			又		11110	
			尤			
			油			
			游			
			猷			
			猶			
			疣			
			繇			
			蕕			
			蚰			
			蝤			
			蝣			
			遊			
			遒			
			郵			
			酋			
			鈾			
			鼬			
			魷			
		6	右			
			佑			
			侑			
			囿			
			宥			
			祐			
			莜			
			釉			
			賄		11110	
		7	柚			
	b	1	彪			
	p	3	漂			
		5	罘			
			芣			
	d	1	丟			
			銩			
		2	佇			
			冑			
			杼			
			肘			
			貯			
			酎			
		5	綢			
		6	宙			
			籀			
			晝			
			紂			
			苧			
	t	1	抽			
		2	丑			
		3	斢			
		5	儔			
			疇			
			籌			
			濤			
			躊			
			幬			
			裯			
	l	2	柳			
			綹			
		3	溜			
			罶			
			籀			
			餾			
			遛			
			霤			
			瀏			
		5	留			
			𨻧			
			流			
			嘍			
			旒			
			榴			
			琉			
			僇			
			瘤			
			硫			
			遛			
			騮			
			飀			
		7	鎦			
			餾			
	g	2	赳			
			糾			
			艽			
			羑			
			韭	韮		
			玖			
			朹			
		3	救			
			究			
		5	球			
		6	咎			
			柩			
			疚			
			糾			
	k	1	丘			
			坵			
			虯			
			蚯			
			鳩			
			龜			
		5	求			
			仇			
			俅			
			裘			
			賕			
			逑			
	z	1	周			
			州			
			啁			
			惆			
			洲			
			盩			
			稠			
			舟			
			賙			
			週			
			鵃			
		2	酒			
		3	咒			
		4	闃			
		6	就			
			僦			
			鷲			
	c	1	秋			
			啾			
			揪			
			愀			
			楸			
			湫			
			甃			
			瞅			
			萩			
			鍬			
			鞦			
			鶖			
			初			
			鞦			
			鰍			
			鬚			
			揫			
		2	手			
			掱			
			醜			
		5	仇			
			售			
			讐	讎		
			犨			
			囚			
			酬			
		7	樹			
	s	1	修			
			脩			
			收			
			梳			
			羞			
			饈			
		2	守			
			首			
			帚	箒		
		3	秀			
			岫			
			宿			
			狩			
			獸			
			琇			
			綉	繡		
			袖			
			銹	鏽		
		5	泅			
		6	受			
			授			
			綬			
		7	壽			
	r	2	煣			
		3	糅			
		5	柔			
			揉			
			猱			
			蹂			
			鞣			
妖	null	1	妖			
			夭			
			殀			
			祅			
			幺	麼		
			吆			
			邀			
			喲			
			要			
		2	窈			
		3	要			
		5	媱			
			徭			
			搖			
			珧			
			瑤			
			繇			
			謠			
			遙			
			鰩			
			鷂			
			颻			
		6	曜			
			耀	燿		
	b	2	俵			
			婊			
			殍			
			表			
			莩			
	p	1	標			
			朴			
			杓			
			漂			
			瓢			
			瘭			
			縹			
			薸			
			螵			
			剽			
			鏢			
			鑣			
			飄	飃		
			飆	飈		
			驃			
			瞟			
		5	嫖			
	m	1	喵			
		2	杪			
			杳			
			淼			
			渺			
			眇			
			秒			
			窅			
			緲			
			藐			
			邈			
		5	描			
			瞄			
			苗			
			錨			
		6	妙			
	d	1	刁			
			凋			
			叼			
			彫			
			碉			
			貂			
			雕	鵰		
			髫			
			鯛			
			汈			
			笤			
			蜩			
			苕			
		3	吊	弔		
			窵			
			銱			
		5	條			
		6	兆			
			召			
			旐			
		7	掉			
			調			
			岧			
	t	1	挑			
			祧			
			迢			
		2	眺			
			佻			
			窕			
		3	跳			
			調			
			銚			
			超			
			艞			
		5	調			
		6	砫			
			柱			
	n	2	嫋			
			蔦			
			溺			
			裊			
		3	皺			
	l	2	了			
			釕			
			撩			
			蓼			
		3	了			
		5	僚			
			嘹			
			醪			
			寥			
			寮			
			撈			
			撩			
			燎			
			獠			
			遼			
			鐐			
			鷯			
			瘳			
			療			
			瞭			
			繚			
			聊			
			蹽			
		7	尥			
			料			
			廖			
	g	1	嬌			
			姣			
			澆			
			驕			
		2	撟			
			攪			
			皦			
			矯			
			繳			
			嶠			
			餃			
			繑			
		6	撬			
	k	1	敲			
			橋			
			磽			
			蹺			
		3	竅			
		5	喬			
			僑			
			蹻			
			蕎			
			鞽			
			䀉			
			荍			
			翹			
			橇			
	ng	1	貓			
		5	堯			
			嶢			
			蕘			
			蟯			
			嘵			
	h	1	僥			
			鴞			
			嘵			
			梟			
			邀			
			驍			
		2	曉			
		5	嬲			
	z	1	昭			
			朝			
			憔			
			剿			
			焦			
			樵			
			招			
			瞧			
			礁			
			蘸			
			釗			
			譙			
			鷦			
			噍			
		2	鳥			
			嘦			
		3	詔			
	c	1	鍬			
		2	悄			
			俏			
			嘲			
			峭			
			愀			
			稍			
			誚			
			潲			
		5	朝			
			晁			
	s	1	消			
			溲			
			宵			
			謏			
			捎			
			搜			
			梢			
			瀟			
			硝			
			筲			
			簫			
			綃			
			翛			
			蒐			
			蛸			
			蠨			
			逍			
			銷			
			霄			
			鞘			
			宿			
			餿			
			螋			
			鎪			
			蕭			
		2	小			
			筱	篠		
			謏			
		3	少			
			筱	篠		
			數			
		6	邵			
			卲			
			劭			
			肇			
			紹			
			召			
			肖			
			韶			
	r	2	爪			
			沼			
			抓			
			擾			
		3	繞			
			縐			
			遶			
		5	饒			
			橈			
			嬈			
央	null	1	央			
			怏			
			泱			
			殃			
			秧			
			鞅			
		2	氧			
			養			
			蛘			
		3	映			
		4	約			
			籥			
			爍			
			爚			
			趯			
			躍			
			鑠			
			鑰			
			瀹			
			龠			
		5	揚			
			徉			
			瘍			
			洋			
			佯			
			暘			
			楊			
			煬			
			陽			
			颺			
		6	癢			
			恙			
			漾			
		8	藥			
	t	3	暢			
			鬯			
	l	2	兩			
			倆			
			輛			
			魎			
		5	良			
			椋			
			梁	樑		
			涼			
			量			
			粱			
		6	亮			
			喨			
			晾			
			諒			
			量			
		8	略		11110	
			撂		11110	
	g	1	疆			
			羌			
			姜			
			殭			
			繮	韁		
			僵			
			蜣			
		2	強			
			襁			
	k	4	卻			
			怯			
		5	強			
			鏹			
	ng	2	仰			
		8	孽			
			臬			
			瘧			
			蘗	櫱		
			虐			
			謔			
			鎳			
	h	1	香			
		2	享			
			嚮			
			響			
			饗			
		3	向			
			嚮			
			垧			
			晌			
			餉			
	z	1	章			
			倀			
			嫜			
			張			
			彰			
			獐			
			璋			
			將			
			螿			
			蟑			
			漳			
			弶			
		2	糨			
			長			
		3	獎			
			漲			
			將			
			嶂			
			幛			
			悵			
			瘴			
			倀			
			障			
			脹			
		4	彴			
			勺			
			杓			
			嚼			
			妁			
			酌			
			灼			
			爵			
			皭			
			芍			
		6	丈			
			匠			
			杖			
			仗			
	c	1	昌			
			倡			
			猖			
			娼			
			菖			
			嗆			
			鯧			
			閶			
		2	廠			
			嗆			
			闡			
			敞			
			氅			
			昶			
		3	唱			
			茜			
			蒨			
			倡			
		4	雀			
			戳			
			鵲			
			綽			
		5	檣			
			長			
			爿			
			薔			
			嬙			
			萇			
			釺			
	s	1	商			
			相			
			勷			
			墒			
			愓			
			瀼			
			襄			
			穰			
			湘			
			湯			
			驤			
			殤			
			觴			
			瓤			
		2	想			
		3	相			
		4	削			
			屑			
		5	祥			
			嫦			
			庠			
			徜			
			裳			
			嘗		00010	
			常			
			詳			
			嚐		00010	
			翔			
			嬋		00001	
		6	上			
			尚			
			象			
	r	2	嚷			
			壤			
			瀼			
			攘			
			𧟄			
			禳			
			釀			
		5	攘			
			扔			
		6	讓			
		8	弱			
			箬	篛		
			若			
			蒻			
嫣	null	1	嫣			
			鳶			
			燕			
			嬿			
			湮			
			焉			
			淵			
			鄢			
			閼			
			蔫			
		2	遠			
			兖			
		3	嚥			
		4	曰		00011	
		5	媛			
			涎			
			湲			
			紈			
			筵			
			鉛		00001	
			寅		00001	
			夤		00001	
			演		00001	
			沿		00001	
			延		00001	
			蜒			
		6	兖			
			延		11110	
			援			
			楥			
			羨			
			胤			
			衍			
			爰			
		7	焉			
	b	1	邊			
			籩			
			鞭			
			浜		00011	
			鯿			
			彬	斌	00011	
			份		00011	
			繽		00011	
			儐		00011	
			賓		00011	
			濱		00011	
			邠		00011	
			豳		00011	
		2	扁			
			萹			
			稨			
			藊			
			碥			
		3	遍		00100	
			變			
		6	便			
			卞			
			弁			
			忭			
			汴			
			辨			
			辯			
		8	別			
			彆			
			弼		00010	
			嗶		00010	
			癟	㿜	00010	
			畢		00010	
			篳	蓽	00010	
			蹕		00010	
			苾		00010	
	p	1	偏			
			便			
			褊			
			犏			
			蝙			
			編			
			扁			
			篇			
			翩			
			蹁			
		3	片			
			遍		00011	
			瓣			
			諞			
			騙			
		4	撇			
		8	弼		00001	
	m	2	免			
			冕			
			勉			
			娩			
			愍			
			憫			
			敏			
			沔			
			浼			
			湣			
			腼	靦		
			湎			
			澠			
			眄			
			緬			
			閔			
			鰵			
			黽			
			丏			
			偭			
		5	綿			
			緬			
		8	滅		00001	
	d	1	珍			
			顛			
			滇			
			癲			
			巔			
		2	展			
			囅			
			典			
			輾			
			搌			
			抻	捵		
			淟			
			腆			
			碘			
			碾			
		3	鎮		00001	
		4	跌			
			厔			
			哲	喆		
			垤			
			帙			
			桎			
			抶			
			輊			
			蜇			
			蛭			
			膣			
			耋			
			絰			
			窒			
			秩			
			瓞			
			軼			
			郅			
			輒			
			迭			
		6	電			
			奠			
			墊			
			殿			
			臀			
			澱			
			淀			
			甸			
			癜			
			簟			
		8	侄	姪		
			跌			
	t	1	天			
		2	蕆			
		4	撤			
			徹			
			轍			
			澈			
		5	佃			
			填			
			廛			
			嗔			
			滇			
			瀍			
			畋			
			瞋			
			纏			
			鈿			
			闐			
	l	2	璉			
			臉		11110	
		5	連			
			鏈			
			漣			
			憐			
			鰱			
			聯			
		6	躪			
			吝			
			藺			
		7	練			
			鍊			
			楝			
			鏈			
			煉			
		8	列			
			傈			
			冽			
			凓			
			慄			
			烈			
			鴷			
			栗			
			溧			
			洌			
			趔			
			鬣			
			篥			
			茢			
	g	1	娟			
			捐			
			堅			
			慳			
			鰹			
			涓			
			鵑			
			蜎			
			蠲			
			鏗			
		3	見			
			狷			
			絹			
			罥			
		4	潔			
			羯			
			吉		00001	
		6	建			
			健			
			腱			
			毽			
			犍			
			鍵			
		8	傑			
			磔			
			竭		11110	
			桀			
	k	1	騫			
			岍			
			愆			
			汧			
			搴			
			褰			
			虔			
			刊		00011	
		2	犬			
			墾		00011	
			懇		00011	
			謇			
			遣			
			譴			
			蹇			
			畎	甽		
			繾			
		4	厥			
			噘			
			孑			
			嶡			
			恝			
			拮			
			挈			
			揳			
			撅			
			擷			
			攫			
			桔			
			橛			
			㵐			
			湨			
			籰			
			瘈			
			鐝			
			詰			
			黠			
			蹶			
			矍			
			钁			
			鍥			
			頡			
			鱖			
			纈			
			蕨			
			虢			
			蠼			
			獗			
		5	乾			
	ng	1	研			
			妍			
		4	契		00011	
			仡		00011	
			吃	喫	00011	
			嚙	齧囓	00011	
			圪		00011	
			屹		00011	
			疙		00011	
			紇		00011	
			訖		00011	
			迄		00011	
		5	迎		10000	
			凝		10000	
	h	1	掀			
		2	顯			
		3	俔			
			峴			
			睍			
			憲			
			讞			
			獻			
			釁			
			絢			
		4	蠍			
		5	嫻	嫺		
			玄			
			泫			
			賢			
			懸		00111	
			炫			
			痃			
			癇			
			眩			
			舷			
			蚿			
			衒			
		7	現		00011	
			見		00011	
	z	1	戔			
			旃			
			濺			
			煎			
			湔			
			箋			
			膻	羶		
			邅			
			韉			
			籛			
			顫			
			鱣			
		2	翦			
			剪			
			戩			
			殄			
			濺			
			燼			
			畛			
			疢			
			餮			
			疹			
			贐			
			縝			
			診			
			踐			
			謭			
			趁			
			軫			
			餞			
		3	顫			
			戰			
			薦		00001	
			洊		00001	
		4	即		11011	
			唧		11011	
			浙		00011	
	c	1	遷			
			躚			
			韆			
			芊			
			阡			
		2	淺			
		4	切			
			趄			
			沏			
	s	1	仙			
			籼	秈		
			祆			
		2	癬			
			鮮			
			洗			
			冼			
			哂			
			尟			
			尠			
			燹			
			蜃			
			矧			
			跣			
			蘚			
			鮝	鯗		
			銑			
		3	搧			
			煽			
			扇			
			騸			
		4	設			
			楔			
			褻			
		5	禪			
			單			
			澶			
			蟬			
			嬗			
		6	闡			
			鱔			
			善			
			禪			
			單			
			墡			
			腎			
			膳			
			繕			
			擅			
			蟮			
			鄯			
	r	5	然			
			另			
			撚			
			燃			
		8	熱			
奄	null	1	淹			
			奄			
			崦			
			懨			
			腌	醃		
			饜			
			閹			
			厭			
			鞥			
		2	掩			
			偃			
			剡			
			厴			
			堰			
			郾			
			蝘			
			鼹	鼴		
			渰			
			罨			
		3	厭			
			黶			
			魘			
		4	壓			
			擪	擫		
			靨			
		5	鹽			
		7	炎			
			琰			
			焰			
			艷	豔		
			扊			
			灧	灩		
		8	葉			
			燁			
	d	1	掂			
			沾			
			敁			
			砧			
			覘			
			詀			
			霑			
			玷			
		2	點			
		3	店			
			惦			
			埝			
			坫			
			痁			
			踮			
		5	甜			
			菾			
		6	苫			
		8	喋			
			堞			
			牒			
			蝶			
			諜			
			蹀			
			鍱			
	t	1	添			
		2	掭			
			忝			
			舔			
			諂			
			餂			
		4	帖			
			貼			
		5	恬			
	n	1	粘	黏	01111	
			拈	撚	01111	
		2	殮		01111	
			斂		01111	
			臉		00001	
			瀲		01111	
			捻		01111	
			撚		01111	
		4	讋			
			囁			
			懾			
			捏	揑		
			攝			
			涅	湼𣵀		
			聶			
			躡			
			苶			
			鑷			
			灄			
			隉			
			顳			
		5	廉		01011	
			臁		01011	
			簾		01011	
			鬑		01011	
			濂		01011	
			奩	匳	01011	
			閻		00001	
			帘		01011	
			蠊		01011	
			鐮		01011	
			鮎		01011	
		6	埝		01111	
			念		01111	
		7	念		01111	
			驗	騐	00001	
			唸		01111	
	l	1	粘	黏	10000	
			拈	撚	10000	
		2	殮		10000	
			斂		10000	
			瀲		10000	
			捻		10000	
			撚		10000	
		5	廉		10100	
			臁		10100	
			簾		10100	
			鬑		10100	
			濂		10100	
			奩	匳	10100	
			帘		10100	
			蠊		10100	
			鐮		10100	
			鮎		10100	
		6	埝		10000	
			念		10000	
		7	念		10000	
			唸		10000	
		8	粒			
	g	1	兼			
			蒹			
			縑			
			螊			
		2	減			
			檢			
			撿			
			瞼			
			鹼			
			碱			
		3	劍			
		4	劫			
			峽			
			愜			
			篋			
			莢			
			郟			
			鋏			
			頰			
		5	鹹			
	k	1	謙			
		2	嗛			
			慊			
			歉			
		3	欠			
		5	拑			
			緘			
			箝	鉗		
			鈐			
		6	儉			
			芡			
	ng	2	儼			
			龑			
			玁			
		5	嚴			
			閻		11110	
			釅			
		7	驗	騐	11110	
		8	鄴			
			業			
	h	2	險			
		5	嫌			
			慊			
		8	協			
			叶			
			俠			
			挾			
			浹			
			狹			
			脅			
			硤			
			蛺			
			陜			
			夾	袷裌		
	z	1	尖			
			漸			
			占			
			呫			
			譫			
			詹			
			瞻			
			幨			
		3	占			
			佔			
		4	接			
		6	漸			
			暫			
		8	婕	倢		
			捷			
			洽			
			睫			
			箑			
	c	1	僉			
			簽			
			籤			
			扦			
		3	僭			
		4	妾			
			竊			
		5	纖			
			殲			
			潜	潛		
	s	1	森		11100	
			參		11100	
		2	苫			
			閃			
			陝			
			䀹	睒		
		4	澀			
			霎			
			倏			
		5	檐			
			孅			
			暹			
			蟬			
			嬋		11110	
			贍			
			蟾			
		8	涉			
			泄	洩		
			渫			
			燮			
			紲	絏		
			躞			
	r	2	染			
			冉			
			苒			
			蚦	蚺		
			髯			
		8	廿			
			念			
雍	null	1	雍			
			灉			
			癰			
			臃			
			邕			
			嬴			
			饔			
			薨			
		2	永		11100	
			壅			
			俑			
			勇			
			甬			
			蛹			
			踴	踊		
		3	咏	詠	11100	
			壅			
			涌	湧		
			恿			
			泳		11100	
			擁			
		5	容			
			傭			
			墉			
			營		11100	
			瑩		10100	
			塋		10100	
			嶸		11100	
			榮		11100	
			庸			
			慵			
			溶			
			滎		10100	
			熒		10100	
			㼆		10100	
			縈		10100	
			蓉			
			融			
			螢		10100	
			蠑		11100	
			嬴		11100	
			贏		11100	
			瀛		11100	
			鏞			
			熔	鎔		
			鱅			
			顒			
			盈		10100	
			榕			
		6	佣			
		8	育			
			鵒			
			浴			
			峪			
			堉			
			毓			
			唷			
			慾			
			淯			
	d	1	中		00001	
		3	中		00001	
	t	4	畜			
			蓄			
			搐			
	g	1	恭			
			穹			
			共			
			芎			
			躬			
		2	拱			
			珙			
			龔			
		4	粥			
			腳			
			鞫			
			鬻			
			麯	麴		
			掬	匊		
			鞠			
	k	2	恐			
			鞏			
		4	克			
			氪			
			可			
			曲			
			蛐			
		5	窮			
			藭			
			筇			
			蛩			
			跫			
			邛			
	h	1	凶			
			兇			
			匈			
			汹	洶		
		4	勖	勗		
			或			
			旭			
			昱			
			毓			
			煜			
			燠			
			頊			
			郁			
			隩			
			馥			
		5	雄			
	s	5	松		00001	
			凇		00001	
			淞		00001	
			菘		00001	
		8	續		00001	
	r	2	冗	宂	00011	
			氄		00011	
		5	扔		00011	
			礽		00011	
			仍		00011	
			戎		00011	
			毧		00011	
			狨		00011	
			絨		00011	
			羢		00011	
			茸		00011	
娃	null	1	娃			
			哇			
			蛙			
			蝸			
			䠚			
			窪	窊		
			佤			
			邷			
		2	我			
		8	活			
	b	3	播			
			簸			
		4	鉢	缽		
	p	2	頗		00111	
			跛		00111	
		3	破			
		4	撥			
			潑			
			撇			
			癶			
		5	婆			
	bh	4	抹			
		5	磨			
		8	沫			
			秣			
			鈸			
			末			
			茇			
	d	3	帶			
		4	叱			
		6	舵			
		7	大			
	t	1	拖			
		4	獺			
	l	5	籮			
		7	賴			
		8	辣			
	g	1	柯			
			呱			
			𧿼			
		2	寡		00111	
			果		00010	
		4	割			
			渴		11100	
			葛			
			轕			
		5	䠚			
	k	1	誇			
			跨			
			垮			
			胯			
			侉	咵		
			䯞			
			挎			
		3	挂	掛		
			罣			
			褂			
			罫			
		4	闊			
			渴		00011	
	gh	7	外			
	h	1	嘩	譁		
			花			
			划			
			華			
			驊			
		4	喝			
			劃			
		5	鏵			
			和	龢		
			禾			
			樺			
			華			
		6	禍			
	z	1	抓			
		2	紙	帋		
		5	蛇			
	c	2	歪			
		3	蔡			
	s	1	沙			
			砂			
			鯊			
			痧			
		2	徙			
		4	殺			
			煞			
			宿			
鍋	null	1	鍋			
			堝			
			挖		00100	
		3	尉			
			慰			
			濊			
			蔚			
			穢			
			薈			
			翽			
			噦			
		4	噦			
		6	讆	躗		
			衛	衞		
		7	話			
			畫			
		8	劃			
			砉			
			畫			
	b	1	杯			
			飛			
		3	背			
			輩			
			貝			
		5	培			
			賠			
			醅			
			陪			
			碚			
			錇			
		6	佩			
			悖	誖		
			揹			
			背			
			狽			
			珮			
			蓓			
			裴			
			褙			
			貝			
			鋇			
			掊			
			倍			
			𦮷			
		7	焙			
	p	1	坯			
			胚			
		3	配			
		5	皮			
			鈹			
			裴			
		6	被			
		8	𠱀			
	m	2	每			
		6	寐			
			昧			
			沬			
			秣			
			魅			
		7	妹			
		8	物			
	bh	2	尾			
		5	媒			
			枚			
			梅	槑楳		
			煤			
			脢			
			酶			
			莓			
			霉			
			黴			
		7	未			
		8	襪		10010	
	d	3	綴	裰		
		6	兌			
	t	1	頹			
	n	2	餒			
	g	1	瓜			
		2	菓			
			果			
			粿			
			餜			
		3	過			
			髻			
		4	郭			
	k	1	恢			
			盔			
			科			
			蝌			
			魁			
			詼			
			稞			
		3	課			
			卦			
			踝			
		4	缺			
			闕			
			闋			
		5	瘸			
	gh	8	月			
			襪		01101	
			刖			
	h	1	花			
			灰			
			華			
			詼			
		2	伙			
			夥			
			火			
			鈥			
		3	化			
			悔			
			晦			
			誨			
			貨			
		4	血			
		5	回			
			洄			
			茴			
			蛔	痐		
			迴	廻		
			橫			鼻
		6	會			
			燴			
			匯	滙		
		7	和			
	z	3	最			
		6	罪			
	c	1	吹			
			炊			
		2	髓			
		5	棰	箠		
	s	1	衰			
		3	帥			
			帨			
			稅			
			歲			
			蛻			
			戍			
			㲓			
		4	涮			
			刷			
			唰			
			說			
	r	5	挼			
		6	銳			
			蚋			
			睿			
		7	枘			
			汭			
			芮			
威	null	1	威			
			隈			
			崴			
			葳			
			醫			
		2	偉			
			偎			
			韋		00001	
			喂			
			喟			
			欸			
			委			
			渭			
			煒			
			煨			
			猥			
			洧			
			瑋			
			痿			
			緯			
			萎			
			葦			
			猬	蝟		
			諉			
			逶			
			韙			
			餵	餧		
		3	畏		11110	
			畏		00001	鼻
			謂			
		5	爲			
			圍			
			幃			
			桅			
			違			
			闈			
			韋		11110	
		6	謂			
		7	位			
			胃			
			欸			
	b	1	卑			
			椑			
			悲			
			埤			
		3	痱	疿		
			沸			
		5	肥			
			淝			
			蜰			
		7	吠			
	p	2	呸			
		3	啐			
			屁			
	m	2	美		11110	
			鎂		11110	
			娓		11110	
		5	微			
			薇			
	d	1	追			
		2	扯			
		3	對			
			碓			
		5	捶	搥		
		6	墜			
			墮			
			懟			
		7	隊			
			縋			
	t	1	梯			
		2	腿			
		5	槌			
			錘	鎚		
		7	墜			
	l	1	鐳			
		2	儡			
			壘			
			嫘			
			彙			
			誄			
			磊			
			纍			
			累			
			耒			
			蕾			
			蕊			
			縲			
		5	雷			
			擂			
			鐳			
			檑			
		6	泪	淚		
			累			
		7	類			
			累			
			羸			
	g	1	歸			
			圭	珪		
			奎			
			嬀			
			潙			
			皈			
			硅			
			窺			
			規			
			閨			
			跬			
			鮭			
		2	鬼			
			傀			
			詭			
			庋			
		3	桂			
			貴			
			癸			
			悸			
			瑰			
		6	跪			
		7	縣		11110	鼻
			櫃			鼻
			匱			鼻
	k	1	虧			
			巋			
		2	軌			
			匭			
			宄			
			晷			
			簋			
		3	季			
		5	葵			
			夔			
			揆			
			戣			
			睽			
			暌			
			逵			
			馗			
		6	饋	餽		
			愧	媿		
			匱			
			憒			
			潰			
			瞶			
			簣			
			蕢			
			瞶			
	ng	5	危			
			嵬			
			巍			
			隗			
		6	僞			
		7	魏		00001	
	gh	7	魏		11110	
	h	1	非			
			妃			
			徽			
			扉			
			揮			
			斐			
			墮			
			暉			
			緋			
			翡			
			翬			
			腓			
			菲			
			輝	煇		
			霏			
			啡			
			隳			
			騑			
			麾			
		2	匪			鼻
			卉			
			悱			
			榧			鼻
			毀	譭		鼻
			燬			鼻
			棐			鼻
			虺			鼻
			蜚			鼻
			誹			鼻
		3	費			
			剕			
			廢			
			喙			
			狒			
			痱	疿		
			肺			
			芾			
			諱			
		5	缶			
			懸		11000	鼻
		6	惠			
			賄		00001	
			彗			
			慧			
			蟪			
			蕙			
			恚			
			蔧			
	z	1	錐			
			隹			
			椎			
			檇			
			睢			
			騅			
			萑			
			濉			
		2	水			
		3	醉			
		6	綷			
			晬			
			悴			
			膵			
			猝			
			瘁			
			祟			
			萃			
			卒			
			淬	焠		
			贅			
			粹			
	c	1	推			
			催			
			璀			
			崔			
			摧			
			搋			
			膪			
		2	膗			
			脆			
			惴			
			揣			
			毳			
			撬			
			踹			
		3	碎			
			嘴			
			觜			
			啐			
			淬	焠		
			粹			
			綷			
			翠			
	s	1	雖			
			縗			
			蓑	簑		
			蕤			
			榱			
			荽			
		2	巂	嶲		
		5	隨			
			誰			
			垂			
			圌			
			燧			
			綏			
			遂			
			穟			
			邃			
			陲			
			隋			
			隧			
			棰	箠		
		6	睡			
			瑞			
		7	穗			
			繐			
	r	2	唯			
		5	維			
			濰			
			惟			
			帷			
		6	遺			
			唯			
歪	null	1	歪			
			挖		11011	
	g	1	乖			
		2	拐			
			柺			
		3	怪			
			儈			
			噲			
			劊			
			會			
			檜			
			澮			
			燴			
			獪			
			繪			
			膾			
			薈			
			蒯			
			擓			
		7	縣		00001	鼻
	k	3	快			
			筷			
	h	5	淮			
			槐			
			隗			
			懷			
		6	壞			
	s	2	甩			
		7	榱			鼻
汪	null	1	汪			
		2	往			
			枉			
		5	王			
		6	旺			
		8	獲		11100	
			穫		11100	
			蠖		11100	
			鑊		11100	
			矱		11100	
	bh	2	惘			
			罔			
			妄			
			魍			
			輞			
		5	亡			
			忘			
		6	望			
	g	1	光			
			觥			
			桄			
			誑	誆		
			洸			
			銧			
			胱			
		2	廣			
			綸			
			詗		11100	
			炯	烱	11100	
			絅		11100	
			迥		11100	
			耿		11100	
		4	崞			
			漷			
			廓			
			椁	槨		
			郭			
	k	1	傾		11000	
			圈			
			框			
			眶			
			逛			
		2	頃		11000	
		3	況			
			壙			
			曠			
			礦	鑛		
			貺			
			鄺			
		4	孑			
			擴			
			彍			
		5	狂			
			瓊		11000	
			煢	惸	11100	
	h	1	風			
			邡			
			方			
			鈁			
			慌			
			塃			
			芳			
			荒			
			瘋			
			肪			
			肓			
			枋			
			謊			
			坊			
		2	訪			
			仿	彷倣髣		
			幌			
			恍	怳		
			昉			
			晃			
			滉			
			紡			
			舫			
		3	放			
			泛		10111	脣
			泛		01000	
			氾		10111	脣
			氾		01000	
			汎		10111	脣
			汎		01000	
		4	法		10111	脣
			法		01000	
			砝		10111	脣
			砝		01000	
			珐	琺	10111	脣
			珐	琺	01000	
		5	凰			
			妨			
			喤			
			徨			
			惶			
			蘅		11100	
			蝗			
			蟥			
			湟			
			樊		10000	脣
			樊		01111	
			煌			
			皇			
			篁			
			璜			
			潢			
			簧			
			衡		11100	
			坊			
			遑			
			防			
			隍			
			鰉			
			黌			
			凡		10100	脣
			凡		01011	
		6	患		10111	脣
			患		01000	
			犯		10111	脣
			犯		01000	
			范		10111	脣
			范		01000	
			凡		10111	脣
			凡		01000	
			範		10111	脣
			範		01000	
			釩		10111	脣
			釩		01000	
	z	1	裝			
			妝	粧		
			奘			
			樁			
		6	撞			
			狀			
			噇			
			僮			
		8	蜀			
			濁			
			濯			
	c	2	闖			
		3	闖			
	s	1	宣			
			喧			
			揎			
			暄			
			渲			
			煊			
			瑄			
			楦			
			萱			
			楥			
			諼			
			悛			
		2	爽			
			嗓			
			搡			
			顙			
			磉			
		4	朔			
			嗍			
			搠			
			槊			
			蒴			
			數			
冤	null	1	冤			
			淵			
			灣			
			彎			
			眢			
			鴛			
		2	婉			
			苑			
			剜			
			惋			
			浣	澣		
			涴			
			畹			
			皖			
			睆			
			脘			
			腕			
			莞			
			蜿			
			豌			
			宛			
			琬			
		3	怨			
		4	曰		11100	
			斡			
		5	完			
			垸			
			員			
			盈		01000	
			椽			
			掾			
			緣			
			猿	猨		
			袁			
			轅			
			烷			
			櫞			
			芫			
		8	粵			
			越			
			樾			
			鉞			
			刖			
	b	6	叛			
		8	勃			
			孛			
			拔			
			鈸			
			渤			
			茇			
			脖	𩓐		
			荸			
			跋			
			餑			
			魃			
			鼥			
			鵓			
			𥎱			
	p	1	藩			
			藩			
			墦			
			膰			
			燔			
			鄱			
			璠			
		3	判			
			柈			
			拌			
			泮			
			畔			
			胖			
			絆			
		4	潑			
		5	磐			
			槃			
			盤			
			蹯			
			蹣			
			蟠			
	m	6	曼		00111	
			幔		00111	
			漫		00111	
			墁		00111	
			慢		00111	
			饅		00111	
			蔓		00111	
			幕		00111	
			謾		00111	
			嫚		00111	
		8	末			
			靺			
	bh	6	曼		11000	
			幔		11000	
			漫		11000	
			墁		11000	
			慢		11000	
			饅		11000	
			蔓		11000	
			幕		11000	
			謾		11000	
			嫚		11000	
		7	萬		11110	
	d	1	端	耑		
		3	煅	鍛		
			斷			
		6	篆			
			籪			
			斷			
			椴			
			段			
		7	傳		00011	
	t	5	傳			
			團			
			摶			
			漙			
			糰	䊜		
	n	2	暖	㬉煖	00111	
			餪		00111	
	l	2	暖	㬉煖	11000	
			餪		11000	
			卵			
		3	戀			
			攣			
			臠			
			孌			
			孿			
		4	劣			
			閱		11110	
			埒			
			捋			
		5	鑾			
			鸞			
			巒			
			灤			
			圞			
			孿			
			欒			
		6	亂			
	g	1	冠			
			觀			
			關			
			鰥			
		2	管			
			菅			
			棬			
			捲			
			琯			
			逭			
			莞			
			綰			
			館			
			鬈			
			綣			
		3	貫			
			毌			
			眷			
			慣			
			冠			
			觀			
			券			
			摜			
			灌			
			祼			
			罐	鏆鑵		
			顴			
			鸛			
			盥			
		4	决	決		
			刮			
			抉			
			括			
			栝			
			玦			
			玨	珏瑴		
			蛞			
			炔			
			䒷			
			譎			
			訣			
			䀨			
			鴰			
			颳			
		6	倦			
	k	1	寬			
			肱			
			髖			
		2	款			
		5	權			
			蜷			
			惓			
			踡			
	ng	2	玩			
			阮			
			頑			
		5	元			
			原			
			刓			
			塬			
			沅			
			源			
			芫	蒝		
			螈			
			羱			
			顏			
			黿			
		6	願			
			愿			
	h	1	翻			
			歡	懽		
			萑			
			反			
			幡	旛		
			宦		00001	
			番			
			獾	貛		
		2	反			
			返			
		3	換			
			喚			
			煥			
			幻			
			奐			
			販			
			渙			
			瘓			
		4	發			
			髮			
		5	圜			
			垣			
			寰			
			擐			
			澴			
			桓			
			洹			
			煩			
			環			
			礬			
			鐶			
			繁			
			轘			
			還			
			樊			
			鬟			
		6	飯			
			宦		11110	
			梵			
			豢			
		8	伐			
			乏			
			垡			
			穴			
			筏			
			罰			
			閥			
			茓			
	z	1	專	耑		
			湍			
			遄			
			顓			
		2	轉			
			囀			
		3	攢			
			賺			
		4	咄		11011	
			拙			
			準	凖		
			絀			
			茁			
		6	撰	譔		
			饌			
	c	1	川			
			穿			
			皴			
		2	湍			
			喘			
		3	串			
			攛			
			竄			
			爨			
			篡			
			躥			
			釧			
			鑹			
		4	啜			
			嘬			
			剟			
			惙			
			撮			
			掇			
			綴	裰		
			蕞			
			輟			
			咄		00100	
		5	拴			
			栓			
			牷			
			痊			
			筌			
			醛			
			荃			
			詮			
			銓			
			全			
	s	2	選			
		3	汆			
		5	旋			
			漩			
			璿			
		7	鏇	銑		
			璇	璿		
	r	2	纘			
			纂			
		8	悅			
			說			
			閱		00001	
榮	null	2	永		00011	
		3	咏	詠	00011	
			泳		00011	
		5	營		00011	
			瑩		00011	
			塋		00011	
			嶸		00011	
			榮		00011	
			滎		00011	
			熒		00011	
			㼆		00011	
			縈		00011	
			螢		00011	
			蠑		00011	
			嬴		00011	
			贏		00011	
			瀛		00011	
			盈		00011	
		6	孕		00011	
			媵		00011	
		8	獲		00011	
			穫		00011	
			蠖		00011	
			鑊		00011	
			矱		00011	
			役		00001	
	g	2	詗		00011	
			炯	烱	00011	
			絅		00011	
			迥		00011	
			耿		00011	
	k	1	傾		00011	
		2	頃		00011	
		5	瓊		00011	
			煢	惸	00011	
			宏		00011	
	h	5	蘅		00011	
			衡		00011	
		8	域		00011	
			惑		00011	
			或		00011	
			棫		00011	
			蜮		00011	
溫	null	1	溫			
			氳			
			瘟			
			薀			
			熅			
			醞			
		2	穩			
			縕			
			蘊			
			韞			
		3	搵			
			塭			
		4	兀			
			杌			
			矻			
			熨			
			膃			
			阢			
			鬱			
			菀			
			靰			
			尉			
			蔚			
		5	勻			
			云			
			焚			
			筠			
			紜			
			耘			
			芸			
			鄖			
		6	隕			
			慍			
			殞			
			縕			
			溳			
			蘊			
			媼			
		7	運			
			鄆			
			韻			
			云			
	b	1	方		11000	
			楓			
		2	本		11000	
			笨			
			苯		11000	
		3	畚			
			糞			
			拚			
		4	抔			
			不			
			鈈			
	p	1	奔			
			賁			
			錛			
		3	噴			
			濆			
			逩			
		5	盆			
			墳			
			湓			
	m	2	晚		11000	
		4	吻			
			刎			
		5	捫		11000	
			門		11000	
			們		11000	
		7	問		11000	
			璺		11000	
		8	殁			
			疫			
			沒			
	bh	1	蚊			
			燜			
		3	聞			
		5	文			
			汶			
			旻			
			抆			
			紋			
			聞			
			雯			
			閿			
			紊			
			玫			
		6	聞			
		7	悶			
			懣			
			紊			
	d	1	屯			
			敦			
			堆			
			墩	墪礅		
			惇			
			撴			
			榃			
			盹			
			肫	胗		
			諄			
			迍			
			鈍			
			囤			
		2	盾			
			躉			
			噸			
		3	扽			
		5	脣			
			窀			
		6	頓			
			燉	炖		
			遁			
			砘			
			沌			
		8	突			
			凸			
			朮			
			柮			
	t	1	吞			
			暾			
			飩			
		2	氽			
		4	脫			
			詘			
			怵			
			飿			
			黜			
		5	囤			
			屯			
			臀			
			魨			
			豚			
	n	3	嫩	嫰	00011	
	l	3	嫩	嫰	11100	
		5	倫			
			圇			
			掄			
			淪			
			輪			
			綸			
			侖			
		6	論			
		8	律			
			率			
			聿			
			葎			
			矞			
			鷸			
	g	1	君			
			軍			
			皸			
		2	滚	滾		
			衮	袞		
			輥			
			磙	𥕦		
			緄			
			鯀			
			掍			
		3	棍			
			捃			
		4	骨			
			鶻			
			餶			
			榾			
		5	裙	裠		
		6	郡			
		8	滑			
			汩			
			猾			
			掘			
			搰			
			倔			
	k	1	坤	堃		
			昆	崑崐		
			焜			
			醌			
			琨			
			髡			
		2	菌			
			囷			
			悃			
			梱			
			壼			
			捆	綑		
			窘			
			蕈			
			閫			
			麇	麕		
		3	困			
			睏			
		4	屈			
			搰			
			倔			
			窘			
			崛			
			窟	堀		
			詘			
			矻			
		5	拳			
			羣			
			麇	麕		
	h	1	分			
			昏			
			吩			
			枌			
			酚			
			渾			
			琿			
			棻			
			氛			
			汾			
			惛			
			婚			
			紛			
			葷			
			芬			
			烟	煙		
			菸			
			閽			
			雰			
		2	粉			
			忿			
			惲			
			憤			
		3	訓			
			奮			
		4	忽			
			唿			
			囫			
			弗			
			惚			
			怫			
			拂			
			刎			
			氟			
			淴			
			沸			
			祓			
			笏			
			芾			
			紼			
			紱			
			艴			
			茀			
			佛	彿髴		
			黻			
		5	雲			
			餛			
			蕓			
			魂			
			痕			
		6	渾			
			諢			
			圂			
			溷			
			混	溷		
		7	分			
			份			
		8	核	覈		
			佛			
	z	1	尊			
			撙			
			樽	罇		
			蹲			
			遵			
			鱒			
		2	准			
			隼			
			準			
		3	俊	㑺		
			峻			
			圳			
			捘			
			濬			
			浚			
			狻			
			朘			
			鐫			
			隽	雋		
			竣			
			餕			
			逡			
			駿			
			鵕	鵔		
		4	卒			
			帥			
			捽			
			摔			
			率			
		5	船	舩		
		8	秫			
			糯	穤		
	c	1	春			
			椿			
		2	蠢			
			忖			
			舛			
			荈			
		3	寸			
			吋			
		4	出			
			齣			
		5	存			
	s	1	孫			
			蓀			
			猻			
			飧	飱		
		2	損			
			笋	筍		
			榫			
		3	巽			
			遜			
			噀			
			瞬			
			舜			
		4	戌			
			摔			
			恤	卹		
			窣			
			蟀			
			𨄮			
			甩			
		5	旬			
			屯			
			侚			
			峋			
			巡			
			徇			
			循			
			恂			
			殉			
			洵			
			栒			
			淳			
			珣			
			純			
			蒓	蓴		
			絢			
			詢			
			郇			
			醇			
			馴			
			鶉			
			荀			
		6	順			
		8	術			
			述			
			沭			
	r	2	允			
			吮			
			狁			
		6	潤			
		7	閏			
秧	null	1	秧			
			恩		11000	
			摁		11000	
			蒽		11000	
		2	姆		10111	脣
			姆		01000	
			尹		11000	
			隱		11100	
		5	黃			
			磺			
			隍			
		6	嘸			脣
			嗯			
		7	㕶			
			嗯			
	b	1	方		00111	
		2	本		00111	
			甭			
			苯		00111	
	m	2	晚		00111	
		5	門		00111	
			們		00111	
			捫		00111	
		7	璺		00111	
			問		00111	
	d	1	當			
			鐺			
			鼟			
			噔			
		3	當			
		5	堂			
			唐			
			塘			
			腸			
		6	丈			
		7	塅			
			段			
			緞			
			傳		11100	
	t	1	湯			
		3	燙			
			褪			
		5	糖	醣		
		7	搪			
	n	2	女			
			釹			
			軟	輭		
			蠕	蝡		
		5	郎			
			莨			
			瓤			
		6	卵			
	g	1	缸			
			扛			
			掆			
			斤		11000	
			均		11000	
			巾		11000	
			根		11000	
			筋		11000	
			鈞		11000	
			觔		11000	
			跟		11000	
		2	卷			
			廑		11000	
			僅		11000	
			卺	巹	11000	
			槿		11000	
			殣		11000	
			瑾		11000	
			堇		11000	
			饉		11000	
			謹		11000	
		3	靳		11000	
			鋼			
			艮		11000	
			哏		11000	
			覲		11000	
			茛		11000	
		6	近		11000	
	k	1	糠	粇		
		2	墾		11000	
			懇		11000	
		3	勸			
		4	乞		11000	
		5	勤		11000	
			芹		11000	
	ng	3	誾		11000	
		4	契		11000	
			仡		11000	
			吃	喫	11000	
			嚙	齧囓	11000	
			圪		11000	
			屹		11000	
			疙		11000	
			紇		11000	
			訖		11000	
			迄		11000	
		5	銀		11000	
			齦		11000	
			齗		11000	
			鄞		11000	
			狺		11000	
			垠		11000	
			嚚		11000	
	h	1	殷		11000	
			欣		11000	
			勛	勳	11000	
			掀		11000	
			昕		11000	
			曛		11000	
			薰		11000	
			燻		11000	
			軒		11000	
			哼			
			醺		11000	
			方			
			鍁		11000	
		2	很		11000	
			狠		11000	
			哼			
			啈			
		5	園			
		6	恨		11000	
		7	𠮾			
	z	1	莊			
			贜	贓		
			磚	塼甎		
		3	葬			
			𠿺			
			鑽			
		7	狀			
	c	1	村	邨		
			倉			
			瘡			
			艙			
		3	刺			
		5	牀			
	s	1	霜			
			孀			
			桑			
			痠			
			酸			
			喪	䘮		
			孫			
		2	耍			
		3	算			
			蒜			
			筭			
恩	null	1	恩		00100	
			摁		00100	
			蒽		00100	
			殷		00100	
		2	尹		00100	
	g	1	斤		00100	
			均		00100	
			巾		00100	
			根		00100	
			筋		00100	
			鈞		00100	
			觔		00100	
			跟		00100	
		2	廑		00100	
			僅		00100	
			卺	巹	00100	
			槿		00100	
			殣		00100	
			瑾		00100	
			堇		00100	
			饉		00100	
			謹		00100	
		3	靳		00100	
			艮		00100	
			哏		00100	
			覲		00100	
			茛		00100	
		6	近		00100	
	k	2	墾		00100	
			懇		00100	
		4	乞		00100	
		5	勤		00100	
			芹		00100	
	ng	3	誾		00100	
		4	契		00100	
			仡		00100	
			吃	喫	00100	
			嚙	齧囓	00100	
			圪		00100	
			屹		00100	
			疙		00100	
			紇		00100	
			訖		00100	
			迄		00100	
		5	銀		00100	
			齦		00100	
			齗		00100	
			鄞		00100	
			狺		00100	
			垠		00100	
			嚚		00100	
	h	1	欣		00100	
			勛	勳	00100	
			掀		00100	
			昕		00100	
			曛		00100	
			薰		00100	
			燻		00100	
			軒		00100	
			醺		00100	
			鍁		00100	
		2	很		00100	
			狠		00100	
		6	恨		00100	
噯	null	6	噯			
		7	餡			
	p	3	冇			
			怕			
	m	1	嗎			
			麽	麼		
			媽			
			嘛			
		2	螞			
			嗎			
			媽			
			瑪			
			馬			
		3	麽	麼		
		4	嬷	嬤		
	d	1	擔			
			儋			
		2	膽			
		3	呾			
			擔			
		6	淡			
			氮			
			澹			
			擲			
	n	1	哪			
			那			
		2	哪			
			那			
			拿	拏		
			鎿			
		5	籃			
	g	1	柑			
		2	敢			
			橄			
		3	酵			
	s	1	三			
			衫			
			叁	叄		
			仨			
閑	null	5	閑			
			閒			
	b	2	版			
		5	爿			
		7	辦		00011	
	p	7	辦		11100	
			稗			
	d	6	第		11000	
			佃			
		7	𠕇			
			殿			
			靛			
	t	2	看			
			體		11001	
	n	5	蓮			
		7	楝			
	g	1	肩			
			掮			
			間			
		2	襇			
			繭			
			趼			
			揀			
		3	間			
	h	2	蜆			
		7	莧			
	z	5	前			
	c	1	千			
			仟			
		2	筅	箲		
			採		00011	
		5	蠶			
	s	1	先			
楹	null	5	楹			
	b	3	把			
			柄			
		5	棚			
		7	病			
	p	5	彭			
			澎			
			膨			
			蟛			
	m	2	蜢			
			猛			
		3	夜			
		4	咩			
			乜		00010	
		5	夜			
		7	駡	罵		
		8	脉	脈		
			霢			
	d	7	鄭			
	t	1	撑	撐		
	n	1	姈			
		2	冷			
	g	1	耕			
			埂			
			庚			
			羹			
			更			
			賡			
			鶊			
		2	哽			
			梗			
			綆			
			埂			
			骾			
			鯁			
		3	逕			
			頸			
			粳			
			剄		11100	
			勁			
			徑			
			痙			
			脛			
	k	1	坑	阬		
	ng	6	硬			
			勁			
	z	1	爭			
		2	井			
			阱			
			汫			
		5	晴			
		6	靜			
			竫			
	c	1	星			
			生			
			腥			
			菁			
			青			
			蜻			
			鯖			
			氰			
		2	醒			
	s	1	生			
			腥			
			牲			
		2	省			
		3	姓			
			性			
丸	null	2	以			
			圉			
			已			
			苢			
			椅			
			苡			
		3	燕			
			肄		00001	
		5	圓			
			丸			
			芄			
			紈			
			移		00001	
		7	院		11100	
			硯		11100	
			矣			
	b	1	辮			
			邊			
			鞭			
		6	辨			
	p	7	鼻			
	m	1	咪			
			瞇			
			乜			
		2	眯	瞇		
			美		00001	
			鎂		00001	
			娓		00001	
			亹			
			靡			
			芈	羋		
		4	乜		11101	
		5	棉			
			迷			
			醚			
			縻			
			糜			
			穈	敉		
			郿			
			麋			
			蘼			
			劘			
			湄			
		6	謎			
			媚			
			袂			
		7	麵	麪		
	d	5	纏			
			遞		11010	
	t	1	天			
	n	1	呢			
		2	弭			
			彌			
			瀰			
			獼			
			襧			
		3	泥			
			怩			
		5	泥			
			尼			
			鈮			
			呢			
			妮			
			旎			
			年			
	ng	2	擬		11100	
			儗		11100	
			議			
		3	誼			
			堄			
			鬩			
			囈			
			睨			
		5	宜			
			倪			
			猊			
			儀			
			羿			
			鯢			
			霓			
			麑			
			毅			
		6	乂			
			義			
			刈			
			劓			
			䴊			
			蟻		00101	
		7	硯		00011	
			院		00011	
	h	5	弦	絃		
	z	1	脂			
			支			
			氏			
			肢			
			歧			
			氈			
		2	稚	穉		
		3	箭			
			擠			
		5	錢			
	c	1	鮮			
		2	侈			
			恥			
			眵			
			齒			
	s	3	扇			
影	null	2	影			
		5	營			
			贏			
	b	1	冰			
			兵			
		2	丙			
			餅			
		3	拚			
			併			
	p	3	聘			
		5	坪			
	m	5	名			
		7	命			
	d	2	鼎			
		5	埕			
			呈			
		6	錠			
		7	定			
	t	1	聽			
			廳			
		5	程			
			呈			
	n	1	㖸			
		2	領			
			嶺			
	g	1	京			
			驚			
			麖			
			經			
		2	仔			
		3	鏡			
		5	行			
		6	件			
	ng	2	雅			
	h	1	兄			
		5	邢			
			顏			
		7	艾			
	z	1	晶			
			正			
			精			
		2	正			
			汫			
			整			
		3	正			
			鉦			
		5	成			
	c	2	且			
			請			
	s	1	聲			
		3	聖			
		5	成			
			城			
		7	𣛮			
羊	null	1	鴦			
		5	煬			
			羊			
			洋			
			烊			
			楊			
			融			
			溶			
			熔	鎔		
			蛘			
		7	樣			
	d	1	張			
			弶			
		3	釣			
			帳			
			脹			
			賬			
		5	場			
		6	丈			
			趙		11000	
	n	2	兩			
		5	娘	孃		
			量			
			糧			
			梁	樑		
	g	1	薑			
		5	強			
	k	1	腔			
	h	1	鄉			
			香			
	z	1	章			
			樟			
			漿			
		2	蔣			
			仉			
			槳			
			掌			
			礃			
		3	醬			
		6	上			
	c	1	槍	鎗		
		2	搶			
		5	牆			
		6	象			
			橡			
			像			
		7	匠			
			搶			
	s	1	傷			
			廂			
			鑲			
			箱			
		2	賞			
		3	相			
			像			
		5	常			
			嘗		11101	
			嚐		11101	
			償			
			鱨			
		6	想			
		7	邵			
幼	null	3	幼			
		5	又		00001	
	m	5	眸			
	n	2	扭			
			狃			
			紐			
			鈕			
			妞			
			忸			
			衄			
		5	繆			
		6	謬			
			繆			
	h	1	休			
			咻			
			髹			
			庥			
			貅			
			鵂			
			幽		11110	
			攸			
			悠			
			麀			
		2	朽			
		3	嗅			
			臭			
			溴			
			糗			
			復			
鞍	null	1	鞍			
			安			
		2	碗	盌椀		
		3	案	桉		
		6	旱			
	b	1	般			
			搬			
		3	半			
		5	盤			
	p	1	潘			
			番			
		6	伴			
	m	2	滿			
		5	麻			
			顢			
			蔴			
			痲			
			瞞			
			鰻			
	d	1	單			
			丹			
		3	旦			
		5	壇			
		6	惰			
	t	1	攤			
			灘			
			癱			
		3	炭			
			碳			
			羰			
	n	7	爛			
			攔			
	g	1	官			
			棺			
			杆			
			桿			
			肝			
			倌			
			秆	稈		
			乾			
		2	趕			
			剮			
			果		11101	
			寡		11000	
	h	7	焊	銲釬		
	z	1	撾			
		2	盞			
			琖			
		5	泉			
		7	賤			
	c	3	閂			
	s	1	山			
			汕			
		2	產			
			散			
		3	汕			
			傘	繖		
			散			
			綫	線		
			饊			
		5	腺			
